filename,physical_leaf_id,true_class,predicted_class,confidence,correct,error_type,brightness,contrast,saturation,sharpness,leaf_area_ratio
5c81bfc2-d377-4fc8-9f51-ff26a997c20b___RS_Erly.B 6345.JPG,RS_Erly.B 6345,tomato_Early blight,tomato_Early blight,0.9988274,True,Correct Early Blight,82.416015625,25.166701217863437,98.94281005859375,884.0873219554778,0.999267578125
5c81bfc2-d377-4fc8-9f51-ff26a997c20b___RS_Erly.B 6345_final_masked.jpg,RS_Erly.B 6345,tomato_Early blight,tomato_Early blight,0.9997098,True,Correct Early Blight,64.69744873046875,57.586128150417075,100.23789978027344,925.0280759334564,0.6154937744140625
5c8ced5b-fa5c-41d4-8ad9-a3c7c4891355___RS_Erly.B 6350.JPG,RS_Erly.B 6350,tomato_Early blight,tomato_Early blight,0.98559755,True,Correct Early Blight,81.06039428710938,32.235243376130505,62.10075378417969,1277.9784850319847,0.99859619140625
5c8ced5b-fa5c-41d4-8ad9-a3c7c4891355___RS_Erly.B 6350_final_masked.jpg,RS_Erly.B 6350,tomato_Early blight,tomato_Early blight,0.89891064,True,Correct Early Blight,31.637466430664062,43.062755047343984,60.86357116699219,571.7374652398285,0.3929443359375
669eda4d-aa2e-4d84-9146-c96b047eb70e___RS_Erly.B 6369.JPG,RS_Erly.B 6369,tomato_Early blight,tomato_Early blight,0.9806754,True,Correct Early Blight,86.1202392578125,35.48528930929873,81.53153991699219,856.5064963249024,0.998016357421875
669eda4d-aa2e-4d84-9146-c96b047eb70e___RS_Erly.B 6369_final_masked.jpg,RS_Erly.B 6369,tomato_Early blight,tomato_Early blight,0.8666779,True,Correct Early Blight,52.9884033203125,54.634739223491984,78.2093505859375,805.2407849745359,0.5476226806640625
b24f8f98-4bfe-4605-85f5-738fc09e58fe___RS_Erly.B 6406_final_masked.jpg,RS_Erly.B 6406,tomato_Early blight,tomato_Early blight,0.8216872,True,Correct Early Blight,30.66400146484375,57.67088696114153,46.560577392578125,533.3862609863281,0.2412872314453125
375a4113-c296-4b3a-897b-da6f4ac660dc___RS_Erly.B 6408.JPG,RS_Erly.B 6408,tomato_Early blight,tomato_Early blight,0.9981029,True,Correct Early Blight,98.95552062988281,31.54655173696264,54.87254333496094,1257.7585859873798,0.9978179931640625
375a4113-c296-4b3a-897b-da6f4ac660dc___RS_Erly.B 6408_final_masked.jpg,RS_Erly.B 6408,tomato_Early blight,tomato_Early blight,0.9909266,True,Correct Early Blight,40.57331848144531,61.2408138570266,64.24549865722656,867.7821350060403,0.344970703125
0f03a09c-aa48-4d51-95e1-752c466c3742___RS_Erly.B 6413.JPG,RS_Erly.B 6413,tomato_Early blight,tomato_Early blight,0.9502462,True,Correct Early Blight,107.63166809082031,33.853909016557594,65.24516296386719,801.5217277323827,0.9990234375
0f03a09c-aa48-4d51-95e1-752c466c3742___RS_Erly.B 6413_final_masked.jpg,RS_Erly.B 6413,tomato_Early blight,tomato_Early blight,0.9930264,True,Correct Early Blight,43.4896240234375,63.44748287565929,69.33592224121094,839.6254577636719,0.360626220703125
3a7c19c6-a86d-4127-b00e-600cb0244ac4___RS_Erly.B 6415.JPG,RS_Erly.B 6415,tomato_Early blight,tomato_Early blight,0.64946526,True,Correct Early Blight,96.88200378417969,30.710532695969317,75.58975219726562,956.4461941570044,0.9987335205078125
3a7c19c6-a86d-4127-b00e-600cb0244ac4___RS_Erly.B 6415_final_masked.jpg,RS_Erly.B 6415,tomato_Early blight,tomato_Early blight,0.70180607,True,Correct Early Blight,39.705474853515625,54.677020072248425,82.37239074707031,569.3886260797735,0.3878173828125
0c221e01-a85e-4794-b45b-3a91e349a8d2___RS_Erly.B 6425.JPG,RS_Erly.B 6425,tomato_Early blight,tomato_Early blight,0.9832686,True,Correct Early Blight,89.35797119140625,35.67519977641415,61.61882019042969,686.6011710537132,0.996307373046875
0c221e01-a85e-4794-b45b-3a91e349a8d2___RS_Erly.B 6425_final_masked.jpg,RS_Erly.B 6425,tomato_Early blight,tomato_Early blight,0.98324066,True,Correct Early Blight,32.236358642578125,46.46297183279862,69.55514526367188,626.3204956017435,0.3707122802734375
d4971b21-317f-4fbd-95a8-ac21d69d7461___RS_Erly.B 6429_final_masked.jpg,RS_Erly.B 6429,tomato_Early blight,tomato_Early blight,0.9749801,True,Correct Early Blight,31.11669921875,48.63431151749374,59.7408447265625,748.2802538087126,0.3304290771484375
f9095543-43a8-4dac-8d06-041203fa5af5___RS_Erly.B 6435_final_masked.jpg,RS_Erly.B 6435,tomato_Early blight,tomato_Early blight,0.98622686,True,Correct Early Blight,33.29150390625,55.32351793587214,56.36846923828125,597.4657592773438,0.2988128662109375
92df4dc7-e952-4454-9fed-a7897d16903b___RS_Erly.B 6448.JPG,RS_Erly.B 6448,tomato_Early blight,tomato_Late blight,0.7816961,False,Early Blight -> Late Blight,100.24508666992188,31.798613429977546,0.0,1683.7320551311132,0.9998626708984375
92df4dc7-e952-4454-9fed-a7897d16903b___RS_Erly.B 6448_final_masked.jpg,RS_Erly.B 6448,tomato_Early blight,tomato_Early blight,0.73484546,True,Correct Early Blight,28.760879516601562,45.36115883864144,50.3199462890625,423.38360595703125,0.3206329345703125
98f19e26-5889-4e8e-9175-8dbbaa3439ef___RS_Erly.B 6449.JPG,RS_Erly.B 6449,tomato_Early blight,tomato_Late blight,0.9586695,False,Early Blight -> Late Blight,106.76081848144531,31.133185926854075,0.0,1448.7244578411337,1.0
98f19e26-5889-4e8e-9175-8dbbaa3439ef___RS_Erly.B 6449_final_masked.jpg,RS_Erly.B 6449,tomato_Early blight,tomato_Late blight,0.9710675,False,Early Blight -> Late Blight,25.803787231445312,44.96568921391146,46.046539306640625,447.56951904296875,0.280426025390625
a6041f09-68f2-4865-ad78-81018617d2c4___RS_Erly.B 6450_final_masked.jpg,RS_Erly.B 6450,tomato_Early blight,tomato_Late blight,0.89177394,False,Early Blight -> Late Blight,27.337249755859375,47.73260150812055,47.94413757324219,608.5495910644531,0.290252685546875
a725f34d-c57c-4189-9ec8-6aeec7fb6a78___RS_Erly.B 6452_final_masked.jpg,RS_Erly.B 6452,tomato_Early blight,tomato_Late blight,0.5292601,False,Early Blight -> Late Blight,28.66461181640625,43.232333270486876,59.213958740234375,430.8395690917969,0.3390045166015625
5a0ff573-924f-48c8-a3ef-ed82995ed145___RS_Erly.B 6478.JPG,RS_Erly.B 6478,tomato_Early blight,tomato_Early blight,0.9859703,True,Correct Early Blight,99.17686462402344,30.20749748134448,64.97578430175781,994.0036131457891,0.9997100830078125
5a0ff573-924f-48c8-a3ef-ed82995ed145___RS_Erly.B 6478_final_masked.jpg,RS_Erly.B 6478,tomato_Early blight,tomato_Early blight,0.9806973,True,Correct Early Blight,38.91413879394531,49.93807534034548,73.863037109375,606.654159543803,0.4247283935546875
23e8ae15-6cfc-4518-9266-3a289a7bced7___RS_Erly.B 6479.JPG,RS_Erly.B 6479,tomato_Early blight,tomato_Early blight,0.9679436,True,Correct Early Blight,102.31932067871094,30.96020872300947,59.55445861816406,945.8332509957254,0.99969482421875
23e8ae15-6cfc-4518-9266-3a289a7bced7___RS_Erly.B 6479_final_masked.jpg,RS_Erly.B 6479,tomato_Early blight,tomato_Early blight,0.9649033,True,Correct Early Blight,31.039154052734375,43.282752810295094,72.03813171386719,425.43687436147593,0.369110107421875
3064e2fc-3a71-4a66-8cd1-dc76ebc0c2e6___RS_Erly.B 7345.JPG,RS_Erly.B 7345,tomato_Early blight,tomato_Early blight,0.72234,True,Correct Early Blight,103.49456787109375,35.239389121936945,45.254547119140625,3538.412922795862,0.99560546875
3064e2fc-3a71-4a66-8cd1-dc76ebc0c2e6___RS_Erly.B 7345_final_masked.jpg,RS_Erly.B 7345,tomato_Early blight,tomato_Early blight,0.78464687,True,Correct Early Blight,33.041900634765625,52.76639984487059,43.869598388671875,518.4310760495719,0.3092041015625
54e98d19-a7a0-44d8-a004-1eaee5f3610b___RS_Erly.B 7348.JPG,RS_Erly.B 7348,tomato_Early blight,tomato_Early blight,0.8410665,True,Correct Early Blight,115.18678283691406,43.37928396238032,53.27134704589844,507.63096618652344,0.9989471435546875
54e98d19-a7a0-44d8-a004-1eaee5f3610b___RS_Erly.B 7348_final_masked.jpg,RS_Erly.B 7348,tomato_Early blight,tomato_Early blight,0.8910288,True,Correct Early Blight,37.664703369140625,55.5865889301902,56.81190490722656,296.2361755138263,0.365386962890625
801083ae-26f9-4a9a-9e9a-f73fb18b67e5___RS_Erly.B 7363.JPG,RS_Erly.B 7363,tomato_Early blight,tomato_Early blight,0.98533,True,Correct Early Blight,147.92762756347656,43.32776609287162,48.91557312011719,625.8589937677607,1.0
801083ae-26f9-4a9a-9e9a-f73fb18b67e5___RS_Erly.B 7363_final_masked.jpg,RS_Erly.B 7363,tomato_Early blight,tomato_Early blight,0.9848791,True,Correct Early Blight,42.60887145996094,57.322472583356515,57.6016845703125,333.7495422363281,0.38629150390625
a9a349e8-bf20-4495-8db5-70ca9293608d___RS_Erly.B 7367_final_masked.jpg,RS_Erly.B 7367,tomato_Early blight,tomato_Early blight,0.96594983,True,Correct Early Blight,41.8172607421875,52.580521443495634,68.34431457519531,635.9294281003531,0.4425506591796875
40e8b878-dc2f-4cbd-ac31-c07f372bb0fa___RS_Erly.B 7369.JPG,RS_Erly.B 7369,tomato_Early blight,tomato_Early blight,0.9576209,True,Correct Early Blight,87.99018859863281,37.16676990218533,66.98490905761719,1901.9020992731676,0.9980926513671875
40e8b878-dc2f-4cbd-ac31-c07f372bb0fa___RS_Erly.B 7369_final_masked.jpg,RS_Erly.B 7369,tomato_Early blight,tomato_Early blight,0.89488995,True,Correct Early Blight,34.47840881347656,44.113317301160336,68.23904418945312,649.9452209435403,0.4351654052734375
61f57acc-088f-45e0-b0b5-860120082ae9___RS_Erly.B 7388.JPG,RS_Erly.B 7388,tomato_Early blight,tomato_Early blight,0.5909585,True,Correct Early Blight,111.90675354003906,39.12287232502248,45.12763977050781,1630.6506061404943,0.9999237060546875
61f57acc-088f-45e0-b0b5-860120082ae9___RS_Erly.B 7388_final_masked.jpg,RS_Erly.B 7388,tomato_Early blight,tomato_Early blight,0.54002845,True,Correct Early Blight,39.63410949707031,47.24540620489003,61.236846923828125,892.9163777751382,0.4655609130859375
e3b74c49-7e82-4094-8a02-5ae7644a1d00___RS_Erly.B 7393_final_masked.jpg,RS_Erly.B 7393,tomato_Early blight,tomato_Early blight,0.99863964,True,Correct Early Blight,31.912765502929688,44.16237300944253,69.0667724609375,353.9965515136719,0.399383544921875
c6e96373-484c-45da-b043-0a294a59ad2c___RS_Erly.B 7401_final_masked.jpg,RS_Erly.B 7401,tomato_Early blight,tomato_Early blight,0.9864985,True,Correct Early Blight,44.68927001953125,43.14198677115869,95.15306091308594,925.3604635798838,0.6126708984375
345b59b4-87fd-43a2-9783-fed3e492c4d7___RS_Erly.B 7402.JPG,RS_Erly.B 7402,tomato_Early blight,tomato_Early blight,0.99457115,True,Correct Early Blight,95.94174194335938,31.667907212346286,50.58619689941406,795.0095164738595,0.998687744140625
345b59b4-87fd-43a2-9783-fed3e492c4d7___RS_Erly.B 7402_final_masked.jpg,RS_Erly.B 7402,tomato_Early blight,tomato_Early blight,0.9827489,True,Correct Early Blight,32.055450439453125,48.14824838165373,53.606781005859375,797.1303252780344,0.3457183837890625
19427ace-5a24-4e30-8a4d-228ab4a3b99b___RS_Erly.B 7403.JPG,RS_Erly.B 7403,tomato_Early blight,tomato_Early blight,0.9017827,True,Correct Early Blight,96.78823852539062,41.83552192076201,55.50569152832031,1489.1704097054899,0.9961090087890625
19427ace-5a24-4e30-8a4d-228ab4a3b99b___RS_Erly.B 7403_final_masked.jpg,RS_Erly.B 7403,tomato_Early blight,tomato_Early blight,0.8595443,True,Correct Early Blight,21.801315307617188,35.038505936959986,55.43060302734375,366.3511962890625,0.3234710693359375
342d78c9-af97-4325-ad0f-0f12e0a206c2___RS_Erly.B 7406.JPG,RS_Erly.B 7406,tomato_Early blight,tomato_Early blight,0.99542576,True,Correct Early Blight,88.76608276367188,27.62806485776994,64.37620544433594,1429.5066206296906,0.9996795654296875
342d78c9-af97-4325-ad0f-0f12e0a206c2___RS_Erly.B 7406_final_masked.jpg,RS_Erly.B 7406,tomato_Early blight,tomato_Early blight,0.93555397,True,Correct Early Blight,61.66792297363281,59.17671506660491,66.93205261230469,1125.931343264645,0.5717315673828125
73cf82cf-a099-4243-a7a6-b06c79eedb65___RS_Erly.B 7412.JPG,RS_Erly.B 7412,tomato_Early blight,tomato_Early blight,0.9239979,True,Correct Early Blight,104.38522338867188,28.510865573041155,49.70173645019531,2214.6203368296847,0.9998626708984375
73cf82cf-a099-4243-a7a6-b06c79eedb65___RS_Erly.B 7412_final_masked.jpg,RS_Erly.B 7412,tomato_Early blight,tomato_Early blight,0.87620956,True,Correct Early Blight,36.138641357421875,50.92079599107842,50.56517028808594,634.3609161374625,0.3670654296875
29345423-647e-4e1b-81f4-16d8cfc0e137___RS_Erly.B 7422.JPG,RS_Erly.B 7422,tomato_Early blight,tomato_Early blight,0.95807767,True,Correct Early Blight,98.84034729003906,37.22753772858865,63.15608215332031,1205.2481505477335,0.99713134765625
29345423-647e-4e1b-81f4-16d8cfc0e137___RS_Erly.B 7422_final_masked.jpg,RS_Erly.B 7422,tomato_Early blight,tomato_Early blight,0.98279047,True,Correct Early Blight,38.415435791015625,50.044121973120625,68.56536865234375,790.764724712586,0.4288330078125
a8b2bbbc-5bef-4ef4-8322-48cde639a9aa___RS_Erly.B 7438_final_masked.jpg,RS_Erly.B 7438,tomato_Early blight,tomato_Early blight,0.9877609,True,Correct Early Blight,25.098220825195312,42.70039724706543,57.80873107910156,703.2049865722656,0.3005218505859375
3754ec0a-13b7-40c5-9839-b7499b6c365b___RS_Erly.B 7449.JPG,RS_Erly.B 7449,tomato_Early blight,tomato_Early blight,0.85441124,True,Correct Early Blight,104.52947998046875,40.87551572415824,51.255279541015625,1433.9791836282238,0.9908294677734375
3754ec0a-13b7-40c5-9839-b7499b6c365b___RS_Erly.B 7449_final_masked.jpg,RS_Erly.B 7449,tomato_Early blight,tomato_healthy,0.8384317,False,Early Blight -> Healthy,40.20594787597656,53.324936744522645,58.711761474609375,851.1730193810072,0.41217041015625
c10623b4-33fe-458c-9d8e-d9a74fb74a6a___RS_Erly.B 7450_final_masked.jpg,RS_Erly.B 7450,tomato_Early blight,tomato_Early blight,0.6245324,True,Correct Early Blight,33.191741943359375,45.28709089763347,57.616912841796875,968.1090690940619,0.3954010009765625
17a09abf-ee69-4d46-ac80-f8608d799b19___RS_Erly.B 7451.JPG,RS_Erly.B 7451,tomato_Early blight,tomato_Early blight,0.90704155,True,Correct Early Blight,92.14686584472656,38.26965812541258,48.86395263671875,1529.4199053754564,0.9933929443359375
17a09abf-ee69-4d46-ac80-f8608d799b19___RS_Erly.B 7451_final_masked.jpg,RS_Erly.B 7451,tomato_Early blight,tomato_Early blight,0.7148637,True,Correct Early Blight,31.73443603515625,44.502751661757685,53.446258544921875,590.6029357826337,0.38372802734375
3387fbf2-ee72-4601-b8de-c863eb96d181___RS_Erly.B 7452.JPG,RS_Erly.B 7452,tomato_Early blight,tomato_Early blight,0.6951258,True,Correct Early Blight,104.55062866210938,31.96991985228646,49.6177978515625,2891.9899324839935,0.999847412109375
3387fbf2-ee72-4601-b8de-c863eb96d181___RS_Erly.B 7452_final_masked.jpg,RS_Erly.B 7452,tomato_Early blight,tomato_Early blight,0.5317545,True,Correct Early Blight,39.03559875488281,50.43793956437117,65.40754699707031,507.41012569889426,0.409942626953125
fbc07887-0306-4f85-9de9-ebb68a87753a___RS_Erly.B 7456_final_masked.jpg,RS_Erly.B 7456,tomato_Early blight,tomato_Late blight,0.70175415,False,Early Blight -> Late Blight,52.6201171875,58.89929403422767,61.28071594238281,857.1568308137357,0.479644775390625
65bcbda1-eee5-4bab-ab07-128c2a2f8ed4___RS_Erly.B 7461.JPG,RS_Erly.B 7461,tomato_Early blight,tomato_Early blight,0.98194355,True,Correct Early Blight,101.32991027832031,40.25326202819353,56.966217041015625,581.5386553071439,0.9997711181640625
65bcbda1-eee5-4bab-ab07-128c2a2f8ed4___RS_Erly.B 7461_final_masked.jpg,RS_Erly.B 7461,tomato_Early blight,tomato_Early blight,0.85008603,True,Correct Early Blight,33.61143493652344,47.087338432463554,58.70172119140625,520.0083618080243,0.3878631591796875
8a089fe7-9e6a-4db7-b0e8-9792e4abc326___RS_Erly.B 7466.JPG,RS_Erly.B 7466,tomato_Early blight,tomato_Late blight,0.7352406,False,Early Blight -> Late Blight,98.24417114257812,43.67904276022113,0.0,1549.1750790094957,0.9893798828125
8a089fe7-9e6a-4db7-b0e8-9792e4abc326___RS_Erly.B 7466_final_masked.jpg,RS_Erly.B 7466,tomato_Early blight,tomato_Early blight,0.5059825,True,Correct Early Blight,17.160720825195312,33.38727064037159,47.89897155761719,363.021240234375,0.238494873046875
4e3c2c95-69ca-41d4-9b08-4e0bb7f425eb___RS_Erly.B 7469.JPG,RS_Erly.B 7469,tomato_Early blight,tomato_Late blight,0.91937506,False,Early Blight -> Late Blight,104.4652099609375,45.17679853188672,65.80734252929688,1002.5247815565672,0.991912841796875
4e3c2c95-69ca-41d4-9b08-4e0bb7f425eb___RS_Erly.B 7469_final_masked.jpg,RS_Erly.B 7469,tomato_Early blight,tomato_Early blight,0.99202967,True,Correct Early Blight,29.546478271484375,47.08482699375669,68.0706787109375,438.4895477013197,0.318389892578125
072ae43a-416b-434a-a5a2-1b48bc47fada___RS_Erly.B 7472.JPG,RS_Erly.B 7472,tomato_Early blight,tomato_Early blight,0.7928578,True,Correct Early Blight,97.86689758300781,35.809268494877024,63.84698486328125,2362.0032773425337,0.9983367919921875
072ae43a-416b-434a-a5a2-1b48bc47fada___RS_Erly.B 7472_final_masked.jpg,RS_Erly.B 7472,tomato_Early blight,tomato_Early blight,0.90310615,True,Correct Early Blight,65.56655883789062,59.258283420172354,79.72627258300781,1835.281776956981,0.62066650390625
afc527c5-c9b2-478b-8df0-ff66767191df___RS_Erly.B 7473_final_masked.jpg,RS_Erly.B 7473,tomato_Early blight,tomato_Early blight,0.98982704,True,Correct Early Blight,32.09263610839844,45.4314549524161,53.35569763183594,700.265424353769,0.3981781005859375
e9e56650-8172-4a98-8100-72e79a3a5858___RS_Erly.B 7481_final_masked.jpg,RS_Erly.B 7481,tomato_Early blight,tomato_Early blight,0.8676505,True,Correct Early Blight,39.79351806640625,54.111904173818985,60.229278564453125,638.8537749962416,0.416351318359375
a1d275d1-5405-4829-9328-4225ffe69506___RS_Erly.B 7515_final_masked.jpg,RS_Erly.B 7515,tomato_Early blight,tomato_Early blight,0.9789726,True,Correct Early Blight,44.410552978515625,54.535169493022494,72.08781433105469,434.2740765751805,0.489288330078125
579c6b36-c17e-4510-a1ba-31cabbb0951f___RS_Erly.B 7517.JPG,RS_Erly.B 7517,tomato_Early blight,tomato_Early blight,0.8618132,True,Correct Early Blight,98.8858642578125,40.3037887769922,75.65023803710938,1367.7237249463797,0.9986572265625
579c6b36-c17e-4510-a1ba-31cabbb0951f___RS_Erly.B 7517_final_masked.jpg,RS_Erly.B 7517,tomato_Early blight,tomato_Early blight,0.5377137,True,Correct Early Blight,57.00718688964844,56.416468843516505,81.06788635253906,1083.2024535536766,0.575469970703125
fbe86131-6873-460e-880a-6ee8576b6bc9___RS_Erly.B 7551_final_masked.jpg,RS_Erly.B 7551,tomato_Early blight,tomato_Early blight,0.875584,True,Correct Early Blight,38.0255126953125,51.95481249356069,51.500091552734375,735.0608287749346,0.4016571044921875
10c1d7a4-bd14-4961-9b96-c7047589eccd___RS_Erly.B 7552.JPG,RS_Erly.B 7552,tomato_Early blight,tomato_Early blight,0.72046256,True,Correct Early Blight,161.41201782226562,46.59225347986201,36.16322326660156,1087.391903518699,0.999969482421875
10c1d7a4-bd14-4961-9b96-c7047589eccd___RS_Erly.B 7552_final_masked.jpg,RS_Erly.B 7552,tomato_Early blight,tomato_Late blight,0.6001401,False,Early Blight -> Late Blight,54.510009765625,66.40781930976517,54.552734375,546.7394025586545,0.4389495849609375
d98cdabc-9183-4829-aa46-d40538d25462___RS_Erly.B 7554_final_masked.jpg,RS_Erly.B 7554,tomato_Early blight,tomato_Early blight,0.9393924,True,Correct Early Blight,52.90971374511719,52.150486964676766,88.4700927734375,412.00283949053846,0.5883026123046875
71eb9b0a-a7ea-47a0-8108-71949d74e22d___RS_Erly.B 7557.JPG,RS_Erly.B 7557,tomato_Early blight,tomato_Early blight,0.9898816,True,Correct Early Blight,93.06541442871094,26.564097656555333,46.2750244140625,1070.6086876501795,0.999359130859375
71eb9b0a-a7ea-47a0-8108-71949d74e22d___RS_Erly.B 7557_final_masked.jpg,RS_Erly.B 7557,tomato_Early blight,tomato_Early blight,0.9166647,True,Correct Early Blight,35.43408203125,48.72985724728657,53.0584716796875,512.2545166015625,0.38311767578125
40b67c0a-5dd8-435c-80ed-764593d2147a___RS_Erly.B 7577.JPG,RS_Erly.B 7577,tomato_Early blight,tomato_Early blight,0.9920745,True,Correct Early Blight,92.6715087890625,34.15798378803687,58.6771240234375,3252.6124959213194,0.999420166015625
40b67c0a-5dd8-435c-80ed-764593d2147a___RS_Erly.B 7577_final_masked.jpg,RS_Erly.B 7577,tomato_Early blight,tomato_Early blight,0.9739683,True,Correct Early Blight,47.249359130859375,44.88463792474197,78.62728881835938,1102.9904740443453,0.5826263427734375
079e0d43-e9d2-4217-b8e8-2f3b989cdab2___RS_Erly.B 7588.JPG,RS_Erly.B 7588,tomato_Early blight,tomato_Early blight,0.9914067,True,Correct Early Blight,106.89335632324219,44.751629790964,52.125244140625,768.0773315345868,0.999359130859375
079e0d43-e9d2-4217-b8e8-2f3b989cdab2___RS_Erly.B 7588_final_masked.jpg,RS_Erly.B 7588,tomato_Early blight,tomato_Early blight,0.97928464,True,Correct Early Blight,39.556884765625,52.00089878385294,70.305419921875,499.1561274789274,0.4318389892578125
a3af61fe-3cde-4083-963f-909bfced23db___RS_Erly.B 7590_final_masked.jpg,RS_Erly.B 7590,tomato_Early blight,tomato_Late blight,0.8403895,False,Early Blight -> Late Blight,25.86151123046875,43.86185914112387,57.61009216308594,335.4729003868997,0.307220458984375
73f4d791-745e-49b8-82d8-e29b24ddd0e5___RS_Erly.B 7593.JPG,RS_Erly.B 7593,tomato_Early blight,tomato_Early blight,0.9766643,True,Correct Early Blight,111.3619384765625,24.741920098454855,44.12376403808594,367.4896977429744,0.999755859375
73f4d791-745e-49b8-82d8-e29b24ddd0e5___RS_Erly.B 7593_final_masked.jpg,RS_Erly.B 7593,tomato_Early blight,tomato_Late blight,0.9674797,False,Early Blight -> Late Blight,48.54570007324219,59.92110814885276,54.186920166015625,430.49562071613036,0.4269256591796875
a67b9ba1-99ff-4826-8f7b-1b89ca61980e___RS_Erly.B 7597_final_masked.jpg,RS_Erly.B 7597,tomato_Early blight,tomato_Late blight,0.84222454,False,Early Blight -> Late Blight,5.685760498046875,18.451243120072892,41.90263366699219,126.58961394405924,0.090667724609375
f870ea24-aac9-41cd-92a3-72f87d395c33___RS_Erly.B 7598_final_masked.jpg,RS_Erly.B 7598,tomato_Early blight,tomato_Late blight,0.8696877,False,Early Blight -> Late Blight,4.1054534912109375,19.21389603453292,24.066116333007812,89.91723632719368,1.0
3f35dad7-734b-46ee-8193-09fd3c8562ff___RS_Erly.B 7600.JPG,RS_Erly.B 7600,tomato_Early blight,tomato_Late blight,0.76935893,False,Early Blight -> Late Blight,95.90499877929688,40.44263540447718,32.42997741699219,914.0725180560257,0.977264404296875
3f35dad7-734b-46ee-8193-09fd3c8562ff___RS_Erly.B 7600_final_masked.jpg,RS_Erly.B 7600,tomato_Early blight,tomato_Late blight,0.9976428,False,Early Blight -> Late Blight,3.9915618896484375,21.22909139597098,16.082046508789062,119.19244381412864,1.0
e330dc16-fdf9-4eee-8b09-88bfb5537180___RS_Erly.B 7601_final_masked.jpg,RS_Erly.B 7601,tomato_Early blight,tomato_Late blight,0.9635243,False,Early Blight -> Late Blight,40.19273376464844,62.87173369458923,58.92103576660156,292.9753875674214,0.3307037353515625
bd0f06fb-1f9a-4de8-8c96-926d312cea27___RS_Erly.B 7603_final_masked.jpg,RS_Erly.B 7603,tomato_Early blight,tomato_Late blight,0.9812026,False,Early Blight -> Late Blight,46.005950927734375,63.17943604451424,67.31256103515625,757.3692016452551,0.404083251953125
a52492e3-7916-4a13-a175-6a6c0dd3440a___RS_Erly.B 7613_final_masked.jpg,RS_Erly.B 7613,tomato_Early blight,tomato_Early blight,0.96261585,True,Correct Early Blight,35.91401672363281,53.18076784579344,47.97038269042969,607.5803833007812,0.34271240234375
268590f4-68f6-4de9-968e-a7465b377db4___RS_Erly.B 7614.JPG,RS_Erly.B 7614,tomato_Early blight,tomato_Early blight,0.97187054,True,Correct Early Blight,109.07182312011719,45.014568925361225,48.98316955566406,1326.4642438730225,0.9913177490234375
268590f4-68f6-4de9-968e-a7465b377db4___RS_Erly.B 7614_final_masked.jpg,RS_Erly.B 7614,tomato_Early blight,tomato_Early blight,0.5048874,True,Correct Early Blight,37.17677307128906,53.69739134349728,54.3411865234375,659.454763174057,0.3920745849609375
99baac4a-7079-4c68-b2bf-c9cf123ddffc___RS_Erly.B 7619.JPG,RS_Erly.B 7619,tomato_Early blight,tomato_Early blight,0.85678,True,Correct Early Blight,102.5980224609375,44.918939154015554,0.0,269.8970579467714,0.9952392578125
99baac4a-7079-4c68-b2bf-c9cf123ddffc___RS_Erly.B 7619_final_masked.jpg,RS_Erly.B 7619,tomato_Early blight,tomato_Early blight,0.82349837,True,Correct Early Blight,21.149856567382812,42.82534508394552,36.42140197753906,164.18597412109375,0.2283477783203125
ad567130-1714-4f31-9735-9ffe4b373964___RS_Erly.B 7623_final_masked.jpg,RS_Erly.B 7623,tomato_Early blight,tomato_Late blight,0.71469223,False,Early Blight -> Late Blight,28.625640869140625,56.48390217875176,49.73951721191406,396.2512096033897,0.2303466796875
fe856320-407c-4390-9960-a6a539371182___RS_Erly.B 7624_final_masked.jpg,RS_Erly.B 7624,tomato_Early blight,tomato_Late blight,0.6281696,False,Early Blight -> Late Blight,17.816558837890625,34.777223019407494,57.409515380859375,482.2776396125555,0.248687744140625
503785a3-9eaa-4887-b832-2288f747624a___RS_Erly.B 7636.JPG,RS_Erly.B 7636,tomato_Early blight,tomato_Early blight,0.9986532,True,Correct Early Blight,110.48832702636719,42.753815253403474,41.67829895019531,1966.3986975026783,0.995819091796875
503785a3-9eaa-4887-b832-2288f747624a___RS_Erly.B 7636_final_masked.jpg,RS_Erly.B 7636,tomato_Early blight,tomato_Early blight,0.99831104,True,Correct Early Blight,40.348114013671875,56.01530902964135,51.90948486328125,800.2411193838343,0.38690185546875
ca408b6b-bc8b-45a0-a04e-f0341169524c___RS_Erly.B 7640_final_masked.jpg,RS_Erly.B 7640,tomato_Early blight,tomato_Early blight,0.8758188,True,Correct Early Blight,57.61949157714844,59.87833457519772,60.22569274902344,393.9712218781933,0.5325775146484375
18a21f42-8794-4665-8174-b0ccd3758af8___RS_Erly.B 7650.JPG,RS_Erly.B 7650,tomato_Early blight,tomato_Early blight,0.9726802,True,Correct Early Blight,105.27223205566406,45.48581048529054,48.03617858886719,1248.987613335019,0.991790771484375
18a21f42-8794-4665-8174-b0ccd3758af8___RS_Erly.B 7650_final_masked.jpg,RS_Erly.B 7650,tomato_Early blight,tomato_Late blight,0.82814765,False,Early Blight -> Late Blight,23.1455078125,41.43696650281023,57.824615478515625,312.89395141229033,0.2768402099609375
6fbefe16-4635-4a03-b245-65594ded39cf___RS_Erly.B 7654.JPG,RS_Erly.B 7654,tomato_Early blight,tomato_Early blight,0.99780816,True,Correct Early Blight,102.84776306152344,51.795587060378146,64.86308288574219,892.7958461975213,0.99169921875
6fbefe16-4635-4a03-b245-65594ded39cf___RS_Erly.B 7654_final_masked.jpg,RS_Erly.B 7654,tomato_Early blight,tomato_Early blight,0.9995902,True,Correct Early Blight,29.269012451171875,46.49277256580642,75.16413879394531,364.07887357473373,0.3535308837890625
15fb19ad-8a5a-4e1b-8ed2-c8d48b006b1d___RS_Erly.B 7674.JPG,RS_Erly.B 7674,tomato_Early blight,tomato_Early blight,0.9949485,True,Correct Early Blight,108.43934631347656,46.63279497808599,68.49375915527344,58.726126848720014,0.998565673828125
15fb19ad-8a5a-4e1b-8ed2-c8d48b006b1d___RS_Erly.B 7674_final_masked.jpg,RS_Erly.B 7674,tomato_Early blight,tomato_Early blight,0.8965845,True,Correct Early Blight,38.98854064941406,54.67694239525493,58.37110900878906,119.36239610612392,0.369537353515625
9eec6625-b337-403b-b93c-e809f4e0b8c4___RS_Erly.B 7681_final_masked.jpg,RS_Erly.B 7681,tomato_Early blight,tomato_healthy,0.572018,False,Early Blight -> Healthy,50.336181640625,62.77939227333436,57.43540954589844,1053.8609924307093,0.4155120849609375
bfbf7eb4-8a12-4595-96f7-dcec497d3917___RS_Erly.B 7682_final_masked.jpg,RS_Erly.B 7682,tomato_Early blight,tomato_Early blight,0.965393,True,Correct Early Blight,46.601837158203125,61.59021182120979,53.52305603027344,756.8427124023438,0.3907928466796875
9d64c577-43dd-4409-b0ed-f5460bc01dc9___RS_Erly.B 7685_final_masked.jpg,RS_Erly.B 7685,tomato_Early blight,tomato_healthy,0.8821264,False,Early Blight -> Healthy,52.65403747558594,61.435309275898135,63.3509521484375,847.1253616577014,0.443817138671875
d7dd7c0b-8c0f-46e7-88df-18e6f4e01e0b___RS_Erly.B 7687_final_masked.jpg,RS_Erly.B 7687,tomato_Early blight,tomato_Early blight,0.5086576,True,Correct Early Blight,38.72956848144531,56.782801372517405,65.63076782226562,508.8269525617361,0.3811187744140625
e2ce6add-93e2-4c1f-9ee3-2354d1542e8b___RS_Erly.B 7698_final_masked.jpg,RS_Erly.B 7698,tomato_Early blight,tomato_Early blight,0.72449994,True,Correct Early Blight,32.899200439453125,52.89122739543732,64.4649658203125,1059.1058502194937,0.343902587890625
f525cb66-09b6-4f96-93dd-d6bc936f5645___RS_Erly.B 7700_final_masked.jpg,RS_Erly.B 7700,tomato_Early blight,tomato_Late blight,0.5969091,False,Early Blight -> Late Blight,33.857818603515625,53.5830578736518,62.665863037109375,845.5559692373499,0.3510284423828125
4e3f49fc-2ff8-4d00-979d-3c15f4d90db8___RS_Erly.B 7708.JPG,RS_Erly.B 7708,tomato_Early blight,tomato_Early blight,0.6741601,True,Correct Early Blight,120.48934936523438,68.77203399639623,48.76165771484375,718.5507646815386,0.8731231689453125
4e3f49fc-2ff8-4d00-979d-3c15f4d90db8___RS_Erly.B 7708_final_masked.jpg,RS_Erly.B 7708,tomato_Early blight,tomato_Early blight,0.9200885,True,Correct Early Blight,33.10688781738281,59.336191605112276,56.614776611328125,436.22822566865943,0.2921905517578125
48dd3efc-400d-4b81-a569-13a51083df58___RS_Erly.B 7718.JPG,RS_Erly.B 7718,tomato_Early blight,tomato_Early blight,0.5123942,True,Correct Early Blight,118.97615051269531,47.51162765705732,54.39155578613281,12217.105324796401,0.9627838134765625
48dd3efc-400d-4b81-a569-13a51083df58___RS_Erly.B 7718_final_masked.jpg,RS_Erly.B 7718,tomato_Early blight,tomato_healthy,0.5837788,False,Early Blight -> Healthy,34.58935546875,50.267515666908196,61.22328186035156,1101.3960466235876,0.3568878173828125
389a93c4-2ea1-4df5-94c6-01ea8ad856db___RS_Erly.B 7720.JPG,RS_Erly.B 7720,tomato_Early blight,tomato_Early blight,0.84467876,True,Correct Early Blight,123.38374328613281,47.15761034684145,46.203033447265625,4401.266544433078,0.945281982421875
389a93c4-2ea1-4df5-94c6-01ea8ad856db___RS_Erly.B 7720_final_masked.jpg,RS_Erly.B 7720,tomato_Early blight,tomato_Early blight,0.97332585,True,Correct Early Blight,32.675689697265625,55.06599615856379,52.62507629394531,733.4714688991662,0.2885589599609375
bac9d43f-fc43-4b89-bc2a-b8ba4a040059___RS_Erly.B 7724_final_masked.jpg,RS_Erly.B 7724,tomato_Early blight,tomato_Early blight,0.80740815,True,Correct Early Blight,43.18121337890625,60.057912967421046,53.90960693359375,626.0257415769156,0.3982391357421875
c882c715-ae30-410e-9585-bd7061cf44a4___RS_Erly.B 7734_final_masked.jpg,RS_Erly.B 7734,tomato_Early blight,tomato_Early blight,0.8408084,True,Correct Early Blight,35.1287841796875,53.98777591120223,59.56086730957031,1096.645156829618,0.325836181640625
bde8917a-9b0c-4a7b-8ff1-26f31609d6d7___RS_Erly.B 7750_final_masked.jpg,RS_Erly.B 7750,tomato_Early blight,tomato_Early blight,0.7803348,True,Correct Early Blight,30.882354736328125,52.5926604157982,47.29466247558594,1093.6127014150843,0.28955078125
b7ca5e36-608f-4441-9549-88b011e7088a___RS_Erly.B 7753_final_masked.jpg,RS_Erly.B 7753,tomato_Early blight,tomato_Early blight,0.9990231,True,Correct Early Blight,22.426239013671875,42.388720685438784,61.38648986816406,744.3630676185712,0.272186279296875
243a77c6-b401-43c4-9230-68b4b11f3b83___RS_Erly.B 7754.JPG,RS_Erly.B 7754,tomato_Early blight,tomato_Early blight,0.9510288,True,Correct Early Blight,123.67111206054688,52.08403489671014,72.3837890625,9641.77191094216,0.96923828125
243a77c6-b401-43c4-9230-68b4b11f3b83___RS_Erly.B 7754_final_masked.jpg,RS_Erly.B 7754,tomato_Early blight,tomato_Early blight,0.86095655,True,Correct Early Blight,38.24916076660156,57.880538834084035,69.83697509765625,1007.3127746582031,0.3625335693359375
d41e78aa-0020-457b-a17d-736d426adad5___RS_Erly.B 7755_final_masked.jpg,RS_Erly.B 7755,tomato_Early blight,tomato_Early blight,0.98104125,True,Correct Early Blight,32.78204345703125,54.460222018450246,54.78843688964844,880.8939514160156,0.3234100341796875
535c3c4f-c082-4dd7-a98b-2e16cb377d89___RS_Erly.B 7770.JPG,RS_Erly.B 7770,tomato_Early blight,tomato_Late blight,0.66303813,False,Early Blight -> Late Blight,126.56800842285156,48.46020525151007,71.37593078613281,7592.059840610018,0.964202880859375
535c3c4f-c082-4dd7-a98b-2e16cb377d89___RS_Erly.B 7770_final_masked.jpg,RS_Erly.B 7770,tomato_Early blight,tomato_Early blight,0.79192066,True,Correct Early Blight,48.557464599609375,62.13192367666682,80.97492980957031,1224.131942746928,0.4246063232421875
5870b25f-914c-4dae-aaf5-88d48cb90803___RS_Erly.B 7774.JPG,RS_Erly.B 7774,tomato_Early blight,tomato_Early blight,0.69418347,True,Correct Early Blight,128.851806640625,44.8342587724555,52.19964599609375,9789.26118006534,0.9671173095703125
5870b25f-914c-4dae-aaf5-88d48cb90803___RS_Erly.B 7774_final_masked.jpg,RS_Erly.B 7774,tomato_Early blight,tomato_Early blight,0.8657593,True,Correct Early Blight,31.955001831054688,49.007434561289266,53.6044921875,535.8224182128906,0.321380615234375
8ed69ac4-4692-4154-a484-8a693ff7de64___RS_Erly.B 7775.JPG,RS_Erly.B 7775,tomato_Early blight,tomato_Early blight,0.503054,True,Correct Early Blight,110.79144287109375,57.93403286777448,0.0,6456.131499037147,0.8906707763671875
8ed69ac4-4692-4154-a484-8a693ff7de64___RS_Erly.B 7775_final_masked.jpg,RS_Erly.B 7775,tomato_Early blight,tomato_Early blight,0.6019102,True,Correct Early Blight,32.07696533203125,47.80896984945588,68.85031127929688,590.0752868652344,0.345947265625
5c498e4e-e9b8-4380-828e-53dfd9beb683___RS_Erly.B 7788.JPG,RS_Erly.B 7788,tomato_Early blight,tomato_Early blight,0.74489117,True,Correct Early Blight,127.055419921875,48.91253184415725,55.759002685546875,3760.8686059617903,0.95953369140625
5c498e4e-e9b8-4380-828e-53dfd9beb683___RS_Erly.B 7788_final_masked.jpg,RS_Erly.B 7788,tomato_Early blight,tomato_Early blight,0.8957715,True,Correct Early Blight,30.173629760742188,49.023543523751215,63.01243591308594,486.86030578403734,0.3235626220703125
74b3c6cf-a35b-481b-aa22-7483a52bff76___RS_Erly.B 7792.JPG,RS_Erly.B 7792,tomato_Early blight,tomato_Early blight,0.5097184,True,Correct Early Blight,117.31535339355469,63.379018272172694,57.95500183105469,5074.855925637996,0.899749755859375
74b3c6cf-a35b-481b-aa22-7483a52bff76___RS_Erly.B 7792_final_masked.jpg,RS_Erly.B 7792,tomato_Early blight,tomato_Early blight,0.6967219,True,Correct Early Blight,37.3143310546875,53.10884617401629,66.40718078613281,705.5299276672304,0.3699493408203125
fcbc5323-1679-416c-bb10-534e686f21bd___RS_Erly.B 7801_final_masked.jpg,RS_Erly.B 7801,tomato_Early blight,tomato_Early blight,0.85217136,True,Correct Early Blight,28.396392822265625,45.86796669864871,50.46681213378906,739.2754669187125,0.302734375
18815a60-8297-46e0-922f-e6a0fea818ef___RS_Erly.B 7808.JPG,RS_Erly.B 7808,tomato_Early blight,tomato_Early blight,0.879075,True,Correct Early Blight,119.12289428710938,51.52220226459089,58.55058288574219,6113.584336502245,0.91412353515625
18815a60-8297-46e0-922f-e6a0fea818ef___RS_Erly.B 7808_final_masked.jpg,RS_Erly.B 7808,tomato_Early blight,tomato_Early blight,0.85721076,True,Correct Early Blight,39.973236083984375,56.19854757476488,61.78106689453125,707.6100462293252,0.373321533203125
9d16bfcd-955e-4a5c-90ea-c7cce8dd9135___RS_Erly.B 7811_final_masked.jpg,RS_Erly.B 7811,tomato_Early blight,tomato_Early blight,0.9938771,True,Correct Early Blight,35.01646423339844,48.863289718135356,71.56134033203125,723.1688232421875,0.3733062744140625
fdc50285-836e-4707-a17d-388b8179c87c___RS_Erly.B 7812_final_masked.jpg,RS_Erly.B 7812,tomato_Early blight,tomato_Early blight,0.7640065,True,Correct Early Blight,38.64350891113281,53.30004226349245,68.21467590332031,681.5035493215546,0.3791961669921875
605e0af6-415f-4e25-8f0d-a8f36371732b___RS_Erly.B 7827.JPG,RS_Erly.B 7827,tomato_Early blight,tomato_Early blight,0.6903061,True,Correct Early Blight,123.65725708007812,45.51706439424823,54.86857604980469,4969.701868371805,0.951263427734375
605e0af6-415f-4e25-8f0d-a8f36371732b___RS_Erly.B 7827_final_masked.jpg,RS_Erly.B 7827,tomato_Early blight,tomato_healthy,0.67423165,False,Early Blight -> Healthy,62.14888000488281,64.49250293042945,69.58100891113281,1015.3254725055303,0.5212249755859375
0cd17aff-13d8-439a-ac08-dae1aea55edb___RS_Erly.B 7828.JPG,RS_Erly.B 7828,tomato_Early blight,tomato_Early blight,0.6359141,True,Correct Early Blight,129.15684509277344,48.14898936466427,50.41603088378906,4910.657088517211,0.968902587890625
0cd17aff-13d8-439a-ac08-dae1aea55edb___RS_Erly.B 7828_final_masked.jpg,RS_Erly.B 7828,tomato_Early blight,tomato_Early blight,0.65808403,True,Correct Early Blight,49.1654052734375,63.06731983975018,65.20443725585938,943.4835052432027,0.411102294921875
8824899d-1dce-4729-860b-336d563bc268___RS_Erly.B 7837.JPG,RS_Erly.B 7837,tomato_Early blight,tomato_Late blight,0.42437845,False,Early Blight -> Late Blight,133.42111206054688,40.48934158595448,0.0,5802.550636053085,0.985321044921875
8824899d-1dce-4729-860b-336d563bc268___RS_Erly.B 7837_final_masked.jpg,RS_Erly.B 7837,tomato_Early blight,tomato_Early blight,0.563551,True,Correct Early Blight,44.851470947265625,59.756185965487944,64.97377014160156,718.5758507230785,0.39599609375
d44e75f7-59ac-4296-ac62-893125ddf04e___RS_Erly.B 7856_final_masked.jpg,RS_Erly.B 7856,tomato_Early blight,tomato_Early blight,0.6441682,True,Correct Early Blight,25.84991455078125,45.62042694325521,52.33357238769531,715.1542053222656,0.26202392578125
f64da90c-b9ca-4453-896f-4cd9e358c24a___RS_Erly.B 8223_final_masked.jpg,RS_Erly.B 8223,tomato_Early blight,tomato_Late blight,0.73171234,False,Early Blight -> Late Blight,34.774200439453125,57.90387503062608,68.16946411132812,993.0810286067426,0.2983551025390625
011aa278-a39e-40b0-b6e4-2e2f835889f0___RS_Erly.B 8251.JPG,RS_Erly.B 8251,tomato_Early blight,tomato_Early blight,0.9464049,True,Correct Early Blight,122.64830017089844,70.38919370581968,72.40309143066406,5596.372391476994,0.95355224609375
011aa278-a39e-40b0-b6e4-2e2f835889f0___RS_Erly.B 8251_final_masked.jpg,RS_Erly.B 8251,tomato_Early blight,tomato_Early blight,0.8849636,True,Correct Early Blight,51.79255676269531,57.17764131333012,78.60209655761719,717.1598648689687,0.5232086181640625
a87f4fa1-5d7b-42e9-81ed-127aa62ad1e6___RS_Erly.B 8258_final_masked.jpg,RS_Erly.B 8258,tomato_Early blight,tomato_Early blight,0.9338373,True,Correct Early Blight,71.31983947753906,62.98125685695586,82.19900512695312,1722.766239671968,0.6151580810546875
df721edd-686e-4bb8-a05b-e8c67743c8ca___RS_Erly.B 8265_final_masked.jpg,RS_Erly.B 8265,tomato_Early blight,tomato_Early blight,0.9981292,True,Correct Early Blight,49.4862060546875,53.712493660734246,71.21786499023438,906.3433250633534,0.5185394287109375
3271f296-5264-4600-94e0-bde6cf1a2b42___RS_Erly.B 8300.JPG,RS_Erly.B 8300,tomato_Early blight,tomato_Early blight,0.6934858,True,Correct Early Blight,105.74896240234375,54.90365400671093,62.779449462890625,4386.229296263307,0.907257080078125
3271f296-5264-4600-94e0-bde6cf1a2b42___RS_Erly.B 8300_final_masked.jpg,RS_Erly.B 8300,tomato_Early blight,tomato_Early blight,0.85960513,True,Correct Early Blight,39.354217529296875,55.051494447728366,57.47541809082031,800.5021052621305,0.3776702880859375
baea464c-e54b-4e22-8bbc-8047d19ed0cf___RS_Erly.B 8323_final_masked.jpg,RS_Erly.B 8323,tomato_Early blight,tomato_Early blight,0.6981498,True,Correct Early Blight,46.0556640625,43.34863974253138,83.01736450195312,928.7350425720215,0.5709381103515625
fe46f781-a40c-4c73-9e2c-50872f1ab370___RS_Erly.B 8348_final_masked.jpg,RS_Erly.B 8348,tomato_Early blight,tomato_Early blight,0.9998565,True,Correct Early Blight,81.08012390136719,69.49656002059787,96.37510681152344,978.7503302746918,0.63360595703125
3253ff4e-90ab-475a-89d2-f99875c53367___RS_Erly.B 8356.JPG,RS_Erly.B 8356,tomato_Early blight,tomato_healthy,0.59563196,False,Early Blight -> Healthy,132.94285583496094,48.768617018598206,56.626220703125,5362.187158039771,0.99493408203125
3253ff4e-90ab-475a-89d2-f99875c53367___RS_Erly.B 8356_final_masked.jpg,RS_Erly.B 8356,tomato_Early blight,tomato_healthy,0.7694064,False,Early Blight -> Healthy,45.559844970703125,61.05812946252361,61.078582763671875,1260.6068874986377,0.3955841064453125
c1291fe6-06c2-477e-b30f-dca9a9a80079___RS_Erly.B 8371_final_masked.jpg,RS_Erly.B 8371,tomato_Early blight,tomato_Late blight,0.5279577,False,Early Blight -> Late Blight,47.97454833984375,52.33920857552782,98.70903015136719,677.4335629306734,0.5145416259765625
eaf0d111-089a-4808-a34c-dd40e3bb4db4___RS_Erly.B 8393_final_masked.jpg,RS_Erly.B 8393,tomato_Early blight,tomato_Early blight,0.834707,True,Correct Early Blight,76.39913940429688,69.49191756546506,100.46511840820312,1341.6602324766573,0.615631103515625
1ba88993-c3f8-462d-bd1b-e10819b9c96f___RS_Erly.B 8396.JPG,RS_Erly.B 8396,tomato_Early blight,tomato_Early blight,0.9587857,True,Correct Early Blight,114.36215209960938,44.60771817914157,115.54782104492188,4647.210952035151,0.9923248291015625
1ba88993-c3f8-462d-bd1b-e10819b9c96f___RS_Erly.B 8396_final_masked.jpg,RS_Erly.B 8396,tomato_Early blight,tomato_Late blight,0.71462494,False,Early Blight -> Late Blight,73.81011962890625,62.01097934212992,104.21804809570312,1042.3119262044784,0.6246490478515625
c2369b01-d04f-443c-b6ab-9e62e1480420___RS_Erly.B 8397_final_masked.jpg,RS_Erly.B 8397,tomato_Early blight,tomato_Early blight,0.91345143,True,Correct Early Blight,85.953125,61.23426211834135,129.2069549560547,974.7328191362321,0.7090606689453125
4065f166-5f48-4277-9f51-7aa61dbd4b48___RS_Erly.B 8399.JPG,RS_Erly.B 8399,tomato_Early blight,tomato_Early blight,0.93622625,True,Correct Early Blight,110.6041259765625,59.681998202891876,102.25439453125,4643.404834143585,0.9505767822265625
4065f166-5f48-4277-9f51-7aa61dbd4b48___RS_Erly.B 8399_final_masked.jpg,RS_Erly.B 8399,tomato_Early blight,tomato_Early blight,0.99519426,True,Correct Early Blight,46.623504638671875,56.995364399313004,91.10494995117188,859.1711961887777,0.46240234375
dbbc206a-90ab-4b29-abe0-5613028278be___RS_Erly.B 8409_final_masked.jpg,RS_Erly.B 8409,tomato_Early blight,tomato_Early blight,0.6179658,True,Correct Early Blight,33.71818542480469,52.650636953735656,71.52391052246094,893.7749385253992,0.3415679931640625
121b3f84-70ed-4d1c-882c-d3204e2af046___RS_Erly.B 8421.JPG,RS_Erly.B 8421,tomato_Early blight,tomato_Early blight,0.9696195,True,Correct Early Blight,112.72695922851562,62.55182180316822,66.56828308105469,5005.081591870636,0.9156646728515625
121b3f84-70ed-4d1c-882c-d3204e2af046___RS_Erly.B 8421_final_masked.jpg,RS_Erly.B 8421,tomato_Early blight,tomato_Early blight,0.9286903,True,Correct Early Blight,36.39430236816406,52.910980295427564,66.50688171386719,834.1706630398985,0.354034423828125
2763c9bc-ecc6-4f1a-86a7-ef8ffa370420___RS_Erly.B 8422.JPG,RS_Erly.B 8422,tomato_Early blight,tomato_Late blight,0.8035476,False,Early Blight -> Late Blight,83.09556579589844,51.691725566637686,73.13641357421875,5609.371194824576,0.8236083984375
2763c9bc-ecc6-4f1a-86a7-ef8ffa370420___RS_Erly.B 8422_final_masked.jpg,RS_Erly.B 8422,tomato_Early blight,tomato_Early blight,0.865119,True,Correct Early Blight,29.914459228515625,44.73791928319964,61.209716796875,823.3552895316388,0.344482421875
cab96269-77a2-47cd-bfdf-02ad2535293d___RS_Erly.B 8439_final_masked.jpg,RS_Erly.B 8439,tomato_Early blight,tomato_Early blight,0.978878,True,Correct Early Blight,43.42665100097656,58.55472077886418,68.18350219726562,1276.8373717926443,0.3938446044921875
420da335-510d-4e55-ac9c-2cad3530ad68___RS_Erly.B 8442.JPG,RS_Erly.B 8442,tomato_Early blight,tomato_Early blight,0.9841054,True,Correct Early Blight,107.45196533203125,52.85186316012752,85.90971374511719,6180.6886902740225,0.9618072509765625
420da335-510d-4e55-ac9c-2cad3530ad68___RS_Erly.B 8442_final_masked.jpg,RS_Erly.B 8442,tomato_Early blight,tomato_Early blight,0.9991037,True,Correct Early Blight,40.22990417480469,52.977833129791414,80.53364562988281,1463.2233964866027,0.412200927734375
164f6427-eeed-42da-bb51-ec07a57840dc___RS_Erly.B 9372.JPG,RS_Erly.B 9372,tomato_Early blight,tomato_Early blight,0.97925925,True,Correct Early Blight,118.55265808105469,60.191940543353034,64.7525634765625,3573.04755538702,0.9499969482421875
164f6427-eeed-42da-bb51-ec07a57840dc___RS_Erly.B 9372_final_masked.jpg,RS_Erly.B 9372,tomato_Early blight,tomato_Early blight,0.99525636,True,Correct Early Blight,35.837677001953125,53.55331576584021,68.30419921875,881.341369359754,0.349273681640625
2f6115d3-4997-4174-aa6a-9025c654e81f___RS_Erly.B 9374.JPG,RS_Erly.B 9374,tomato_Early blight,tomato_Early blight,0.9782946,True,Correct Early Blight,126.37528991699219,58.6333416688536,57.74189758300781,5498.408916771179,0.949462890625
2f6115d3-4997-4174-aa6a-9025c654e81f___RS_Erly.B 9374_final_masked.jpg,RS_Erly.B 9374,tomato_Early blight,tomato_Early blight,0.97778827,True,Correct Early Blight,24.152435302734375,45.12178398719919,59.227081298828125,565.1139831542969,0.2425994873046875
3592b22c-09cd-4005-97c4-cdd11318cce0___RS_Erly.B 9391.JPG,RS_Erly.B 9391,tomato_Early blight,tomato_Early blight,0.9593098,True,Correct Early Blight,128.5858154296875,65.05405108047891,61.25825500488281,5365.237648233771,0.950958251953125
3592b22c-09cd-4005-97c4-cdd11318cce0___RS_Erly.B 9391_final_masked.jpg,RS_Erly.B 9391,tomato_Early blight,tomato_Early blight,0.9795124,True,Correct Early Blight,33.905548095703125,52.00033266147613,57.64048767089844,557.5687713602092,0.336883544921875
11922494-321b-4742-afbe-f6db6a8b4005___RS_Erly.B 9392.JPG,RS_Erly.B 9392,tomato_Early blight,tomato_Early blight,0.9568098,True,Correct Early Blight,120.16969299316406,59.524083220312896,67.18434143066406,5135.223654418951,0.967529296875
11922494-321b-4742-afbe-f6db6a8b4005___RS_Erly.B 9392_final_masked.jpg,RS_Erly.B 9392,tomato_Early blight,tomato_Early blight,0.95257384,True,Correct Early Blight,36.6522216796875,48.60092570306659,68.49971008300781,871.6808471679688,0.418243408203125
32ae9564-c205-4814-b579-1ebf0d732e7e___RS_Erly.B 9415.JPG,RS_Erly.B 9415,tomato_Early blight,tomato_Early blight,0.8459759,True,Correct Early Blight,99.14157104492188,45.47544055557048,66.88465881347656,2085.898494615918,0.943603515625
32ae9564-c205-4814-b579-1ebf0d732e7e___RS_Erly.B 9415_final_masked.jpg,RS_Erly.B 9415,tomato_Early blight,tomato_Early blight,0.93897843,True,Correct Early Blight,39.725555419921875,55.41888794324391,63.79975891113281,536.7224578799214,0.3764801025390625
347120f8-e92d-43f7-9ace-196890cec04d___RS_Erly.B 9421.JPG,RS_Erly.B 9421,tomato_Early blight,tomato_Early blight,0.9903956,True,Correct Early Blight,124.45928955078125,65.13863687024485,64.29844665527344,5139.548171605682,0.9199371337890625
347120f8-e92d-43f7-9ace-196890cec04d___RS_Erly.B 9421_final_masked.jpg,RS_Erly.B 9421,tomato_Early blight,tomato_Early blight,0.99391407,True,Correct Early Blight,26.6864013671875,49.38921326170714,61.898406982421875,747.4919059628155,0.2530364990234375
b3129245-a3b0-4451-a213-b15fe08734b7___RS_Erly.B 9423_final_masked.jpg,RS_Erly.B 9423,tomato_Early blight,tomato_Early blight,0.9348403,True,Correct Early Blight,35.45564270019531,56.49573535229327,47.042083740234375,488.4460144042969,0.3182220458984375
d418610e-e676-4722-b84a-6de973499fa9___RS_Erly.B 9425_final_masked.jpg,RS_Erly.B 9425,tomato_Early blight,tomato_Early blight,0.617268,True,Correct Early Blight,36.99137878417969,54.322232462526095,52.34217834472656,665.7672576901969,0.3506317138671875
089243e5-f319-4ed2-b10c-603328ff4143___RS_Erly.B 9428.JPG,RS_Erly.B 9428,tomato_Early blight,tomato_Early blight,0.93681973,True,Correct Early Blight,115.47564697265625,53.56569810861848,46.02107238769531,1830.0493440811988,0.983917236328125
089243e5-f319-4ed2-b10c-603328ff4143___RS_Erly.B 9428_final_masked.jpg,RS_Erly.B 9428,tomato_Early blight,tomato_Early blight,0.98551315,True,Correct Early Blight,42.48118591308594,53.19724161013067,55.05058288574219,606.1853954456747,0.436737060546875
59dbd132-6e6c-4127-a218-b7602cbee670___RS_Erly.B 9449.JPG,RS_Erly.B 9449,tomato_Early blight,tomato_Early blight,0.8225069,True,Correct Early Blight,107.54254150390625,49.1607271138958,66.69003295898438,5183.973439648515,0.9850616455078125
59dbd132-6e6c-4127-a218-b7602cbee670___RS_Erly.B 9449_final_masked.jpg,RS_Erly.B 9449,tomato_Early blight,tomato_Early blight,0.86810255,True,Correct Early Blight,44.3876953125,51.43433904379456,72.12918090820312,776.1281738271937,0.4623565673828125
fa5e382e-d1ad-42f9-a4e5-afb343f77a53___RS_Erly.B 9453_final_masked.jpg,RS_Erly.B 9453,tomato_Early blight,tomato_Early blight,0.99839896,True,Correct Early Blight,31.334808349609375,48.666814737952315,55.42451477050781,769.1969604482874,0.3238372802734375
546af1f7-3d4f-4024-88b1-f981fea7f2dd___RS_Erly.B 9455.JPG,RS_Erly.B 9455,tomato_Early blight,tomato_Early blight,0.99051183,True,Correct Early Blight,115.76823425292969,55.95949516145941,70.08973693847656,3821.2678846409544,0.99560546875
546af1f7-3d4f-4024-88b1-f981fea7f2dd___RS_Erly.B 9455_final_masked.jpg,RS_Erly.B 9455,tomato_Early blight,tomato_Early blight,0.9959559,True,Correct Early Blight,43.23838806152344,49.86286624376156,76.59013366699219,682.046722411178,0.486419677734375
e11ee1f8-8de2-4d9c-a0c1-86bc42350fd9___RS_Erly.B 9472_final_masked.jpg,RS_Erly.B 9472,tomato_Early blight,tomato_Early blight,0.9936243,True,Correct Early Blight,36.76164245605469,44.7582573317766,80.26651000976562,409.5046617053449,0.4398345947265625
5adb20df-006b-4a5d-a1c4-c8284eee9e20___RS_Erly.B 9484.JPG,RS_Erly.B 9484,tomato_Early blight,tomato_Early blight,0.8200098,True,Correct Early Blight,124.17620849609375,51.238564776837016,56.547027587890625,6521.677719136467,0.978179931640625
5adb20df-006b-4a5d-a1c4-c8284eee9e20___RS_Erly.B 9484_final_masked.jpg,RS_Erly.B 9484,tomato_Early blight,tomato_Early blight,0.91912645,True,Correct Early Blight,57.30726623535156,66.3395480239071,67.66986083984375,956.9779052585363,0.4719696044921875
b45de15f-76b6-46bf-9990-e819dbef21d1___RS_Erly.B 9491_final_masked.jpg,RS_Erly.B 9491,tomato_Early blight,tomato_Early blight,0.9930093,True,Correct Early Blight,51.67710876464844,59.596341687590844,69.08917236328125,975.1798248232808,0.4772186279296875
7dc08826-98ed-4885-abfe-85beedbd8cab___RS_Erly.B 9498.JPG,RS_Erly.B 9498,tomato_Early blight,tomato_Early blight,0.99854785,True,Correct Early Blight,107.41941833496094,53.522803243519284,49.97560119628906,4585.69745966699,0.9567108154296875
7dc08826-98ed-4885-abfe-85beedbd8cab___RS_Erly.B 9498_final_masked.jpg,RS_Erly.B 9498,tomato_Early blight,tomato_Early blight,0.95545334,True,Correct Early Blight,37.05824279785156,53.121688586943996,46.053131103515625,577.9686584239826,0.3537445068359375
8c757ec5-a977-412f-bf8e-208fefc79063___RS_Erly.B 9504.JPG,RS_Erly.B 9504,tomato_Early blight,tomato_Early blight,0.59574324,True,Correct Early Blight,126.65605163574219,59.82605197616629,0.0,4227.260211046552,0.96600341796875
8c757ec5-a977-412f-bf8e-208fefc79063___RS_Erly.B 9504_final_masked.jpg,RS_Erly.B 9504,tomato_Early blight,tomato_Early blight,0.99047804,True,Correct Early Blight,38.877227783203125,50.99701340472335,65.57174682617188,500.5541215443518,0.3977508544921875
b6d8ce15-f786-4998-a67c-1390da696a07___RS_Erly.B 9521_final_masked.jpg,RS_Erly.B 9521,tomato_Early blight,tomato_Early blight,0.9978242,True,Correct Early Blight,49.53828430175781,66.33618338773275,51.27421569824219,581.2348937951028,0.400146484375
de57a88b-7170-4eca-93f6-330df50fa8b5___RS_Erly.B 9541_final_masked.jpg,RS_Erly.B 9541,tomato_Early blight,tomato_Early blight,0.96722746,True,Correct Early Blight,61.349884033203125,65.67360680830723,67.82594299316406,417.66784611251205,0.5273895263671875
3af16e88-1b4d-46d5-a099-7450600f11e8___RS_Erly.B 9545.JPG,RS_Erly.B 9545,tomato_Early blight,tomato_Early blight,0.9846885,True,Correct Early Blight,109.4957275390625,50.975807406361426,57.9451904296875,1434.2546658010688,0.9966888427734375
3af16e88-1b4d-46d5-a099-7450600f11e8___RS_Erly.B 9545_final_masked.jpg,RS_Erly.B 9545,tomato_Early blight,tomato_Early blight,0.9822207,True,Correct Early Blight,47.68287658691406,55.31887049297737,67.85337829589844,541.6668496241327,0.478851318359375
3fa32b26-e7bb-493e-b7c2-c40e3f3df380___RS_Erly.B 9546.JPG,RS_Erly.B 9546,tomato_Early blight,tomato_Early blight,0.74605006,True,Correct Early Blight,109.75323486328125,37.15601002977223,54.475128173828125,1790.1326098924037,0.99822998046875
3fa32b26-e7bb-493e-b7c2-c40e3f3df380___RS_Erly.B 9546_final_masked.jpg,RS_Erly.B 9546,tomato_Early blight,tomato_Early blight,0.54656065,True,Correct Early Blight,53.25550842285156,62.07041409086677,62.334075927734375,759.4454550594091,0.46087646484375
1d1d79c6-824d-4c48-bd59-c83a5cf29229___RS_Erly.B 9547.JPG,RS_Erly.B 9547,tomato_Early blight,tomato_Early blight,0.9615076,True,Correct Early Blight,119.4437255859375,48.15622694208656,54.220306396484375,1032.4620305763092,0.993499755859375
1d1d79c6-824d-4c48-bd59-c83a5cf29229___RS_Erly.B 9547_final_masked.jpg,RS_Erly.B 9547,tomato_Early blight,tomato_Early blight,0.6671977,True,Correct Early Blight,56.24024963378906,65.41911974704125,66.74807739257812,467.55068968236446,0.484100341796875
20a276c8-90b5-475f-811b-1d63f34f1c10___RS_Erly.B 9551.JPG,RS_Erly.B 9551,tomato_Early blight,tomato_Early blight,0.8813697,True,Correct Early Blight,110.75125122070312,46.08374277249789,58.82745361328125,1390.4699837712105,0.987152099609375
20a276c8-90b5-475f-811b-1d63f34f1c10___RS_Erly.B 9551_final_masked.jpg,RS_Erly.B 9551,tomato_Early blight,tomato_Early blight,0.63452303,True,Correct Early Blight,41.925445556640625,57.06814005519704,61.89476013183594,436.2325437068939,0.3996429443359375
95de9f94-ddb1-4303-b3d9-a3ad2b430bbf___RS_Erly.B 9554.JPG,RS_Erly.B 9554,tomato_Early blight,tomato_Early blight,0.80486417,True,Correct Early Blight,99.701171875,44.34355450641534,0.0,1211.9242911783513,0.9957122802734375
95de9f94-ddb1-4303-b3d9-a3ad2b430bbf___RS_Erly.B 9554_final_masked.jpg,RS_Erly.B 9554,tomato_Early blight,tomato_Early blight,0.9958677,True,Correct Early Blight,48.637664794921875,51.62879999885924,74.095458984375,788.9972534030676,0.516448974609375
8fd0e481-6590-4314-8dd9-975e5da774c8___RS_Erly.B 9559.JPG,RS_Erly.B 9559,tomato_Early blight,tomato_Late blight,0.63875633,False,Early Blight -> Late Blight,101.58509826660156,55.490884861557355,0.0,2700.4843058732804,0.9802703857421875
8fd0e481-6590-4314-8dd9-975e5da774c8___RS_Erly.B 9559_final_masked.jpg,RS_Erly.B 9559,tomato_Early blight,tomato_Early blight,0.9996152,True,Correct Early Blight,37.868865966796875,45.45651229921082,83.96122741699219,580.4524993223604,0.4755401611328125
90b9c783-480b-4f9b-a97a-d632f60a8f24___RS_Erly.B 9566.JPG,RS_Erly.B 9566,tomato_Early blight,tomato_Late blight,0.5134258,False,Early Blight -> Late Blight,112.76982116699219,43.3261677372423,0.0,914.3203245715704,0.998291015625
90b9c783-480b-4f9b-a97a-d632f60a8f24___RS_Erly.B 9566_final_masked.jpg,RS_Erly.B 9566,tomato_Early blight,tomato_Late blight,0.7655416,False,Early Blight -> Late Blight,60.578460693359375,68.54514585431363,54.91932678222656,625.6709289541468,0.4869842529296875
c78c9d19-e83d-4c3b-a690-e6e3b95c979d___RS_Erly.B 9569_final_masked.jpg,RS_Erly.B 9569,tomato_Early blight,tomato_Late blight,0.48988497,False,Early Blight -> Late Blight,46.94743347167969,56.65389444623502,62.5546875,443.85647582635283,0.45697021484375
abb2b25f-a1a8-49c7-8bc9-a66dc224481d___RS_Erly.B 9573_final_masked.jpg,RS_Erly.B 9573,tomato_Early blight,tomato_Early blight,0.92373985,True,Correct Early Blight,44.615203857421875,59.50478647817688,50.20680236816406,604.8307800292969,0.409149169921875
e87f8d6a-9728-4d12-b6b3-e07c77db939b___RS_Erly.B 9576_final_masked.jpg,RS_Erly.B 9576,tomato_Early blight,tomato_Early blight,0.91652,True,Correct Early Blight,48.70155334472656,57.90541225850443,79.2325439453125,953.7750243991613,0.45819091796875
07409e2c-a730-4b11-b25e-31025bd63a91___RS_Erly.B 9578.JPG,RS_Erly.B 9578,tomato_Early blight,tomato_Early blight,0.93019825,True,Correct Early Blight,102.85002136230469,50.029394566987214,51.21659851074219,928.6967282870319,0.990081787109375
07409e2c-a730-4b11-b25e-31025bd63a91___RS_Erly.B 9578_final_masked.jpg,RS_Erly.B 9578,tomato_Early blight,tomato_Early blight,0.99641633,True,Correct Early Blight,34.65852355957031,46.02140328393374,67.38087463378906,590.2775825327262,0.4095001220703125
2792287f-aa8e-4c03-aabe-479e75cdc0f8___RS_Erly.B 9584.JPG,RS_Erly.B 9584,tomato_Early blight,tomato_Early blight,0.8632964,True,Correct Early Blight,102.85040283203125,42.76774065754476,49.98358154296875,2307.0501353794243,0.9985504150390625
2792287f-aa8e-4c03-aabe-479e75cdc0f8___RS_Erly.B 9584_final_masked.jpg,RS_Erly.B 9584,tomato_Early blight,tomato_Early blight,0.8936227,True,Correct Early Blight,41.30363464355469,44.27707287463803,60.2625732421875,507.71927353646606,0.51129150390625
89e0c6b5-8812-4a16-92eb-e63401b50051___RS_Erly.B 9589.JPG,RS_Erly.B 9589,tomato_Early blight,tomato_Late blight,0.7020329,False,Early Blight -> Late Blight,112.7012939453125,46.41001841323403,0.0,2344.1769599756226,0.9818878173828125
89e0c6b5-8812-4a16-92eb-e63401b50051___RS_Erly.B 9589_final_masked.jpg,RS_Erly.B 9589,tomato_Early blight,tomato_Late blight,0.5609736,False,Early Blight -> Late Blight,29.74676513671875,54.47089712254139,58.878997802734375,511.7547235393431,0.2618865966796875
b63549aa-e944-482e-9329-3b1fb95f92c8___RS_Erly.B 9597_final_masked.jpg,RS_Erly.B 9597,tomato_Early blight,tomato_Early blight,0.97223365,True,Correct Early Blight,50.39982604980469,54.38516741636698,85.3992919921875,571.2362297391519,0.5201873779296875
fb3352cc-9189-4214-8b94-a60c6a392c96___RS_Erly.B 9600_final_masked.jpg,RS_Erly.B 9600,tomato_Early blight,tomato_Early blight,0.52735406,True,Correct Early Blight,74.48809814453125,70.57879723117803,83.35357666015625,1085.685183942318,0.5769500732421875
42c0d61f-b28e-43e9-9fa3-bb03c6ec086a___RS_Erly.B 9601.JPG,RS_Erly.B 9601,tomato_Early blight,tomato_Early blight,0.9806979,True,Correct Early Blight,102.07408142089844,41.34111757734258,84.39071655273438,1124.010822057724,0.983917236328125
42c0d61f-b28e-43e9-9fa3-bb03c6ec086a___RS_Erly.B 9601_final_masked.jpg,RS_Erly.B 9601,tomato_Early blight,tomato_Late blight,0.8638953,False,Early Blight -> Late Blight,52.2681884765625,60.69413472067808,85.32359313964844,652.0316681617405,0.4845123291015625
25cc64d3-0ea1-4082-9b2a-bcaee3056580___RS_Erly.B 9602.JPG,RS_Erly.B 9602,tomato_Early blight,tomato_Early blight,0.9913629,True,Correct Early Blight,98.79612731933594,43.64308837443553,52.73255920410156,1915.7794035410043,0.97210693359375
25cc64d3-0ea1-4082-9b2a-bcaee3056580___RS_Erly.B 9602_final_masked.jpg,RS_Erly.B 9602,tomato_Early blight,tomato_Early blight,0.986746,True,Correct Early Blight,25.28387451171875,48.16760093174051,45.16021728515625,595.5614776609,0.2417755126953125
1ba9a636-a673-45bc-b515-4fe6848f271e___RS_Erly.B 9605.JPG,RS_Erly.B 9605,tomato_Early blight,tomato_Early blight,0.503558,True,Correct Early Blight,127.4503173828125,52.912812438143106,46.20942687988281,1176.2612746411469,0.97296142578125
1ba9a636-a673-45bc-b515-4fe6848f271e___RS_Erly.B 9605_final_masked.jpg,RS_Erly.B 9605,tomato_Early blight,tomato_Late blight,0.69381446,False,Early Blight -> Late Blight,23.035995483398438,49.33960145840457,50.11869812011719,391.631126627326,0.207305908203125
48160d05-d3e5-44bb-810e-18d08407b529___RS_Erly.B 9606.JPG,RS_Erly.B 9606,tomato_Early blight,tomato_Early blight,0.58064836,True,Correct Early Blight,95.1116943359375,41.37321913605475,57.40000915527344,2479.6177779638674,0.979461669921875
48160d05-d3e5-44bb-810e-18d08407b529___RS_Erly.B 9606_final_masked.jpg,RS_Erly.B 9606,tomato_Early blight,tomato_Early blight,0.7158082,True,Correct Early Blight,31.58270263671875,49.556042591144866,47.7269287109375,648.7238149642944,0.3254241943359375
c29f66a1-5df9-4bd7-a6cd-89a0d4a4cba5___RS_Erly.B 9608_final_masked.jpg,RS_Erly.B 9608,tomato_Early blight,tomato_Early blight,0.72873414,True,Correct Early Blight,42.87603759765625,53.16148146079084,63.34822082519531,1362.8388137221336,0.44427490234375
42ef04d9-9bea-4bd2-9ea4-54cb16c9be24___RS_Erly.B 9616.JPG,RS_Erly.B 9616,tomato_Early blight,tomato_Early blight,0.9397474,True,Correct Early Blight,108.4326171875,47.005248801371586,40.22560119628906,2109.4680327137467,0.97210693359375
42ef04d9-9bea-4bd2-9ea4-54cb16c9be24___RS_Erly.B 9616_final_masked.jpg,RS_Erly.B 9616,tomato_Early blight,tomato_Early blight,0.8720606,True,Correct Early Blight,28.003265380859375,53.37274055093448,43.316925048828125,630.0289154050406,0.241973876953125
96f7a84a-cafa-487d-a032-548cfe965bdb___RS_Erly.B 9621.JPG,RS_Erly.B 9621,tomato_Early blight,tomato_Early blight,0.8408758,True,Correct Early Blight,104.35945129394531,41.70248677289699,0.0,1884.200341500109,0.985321044921875
96f7a84a-cafa-487d-a032-548cfe965bdb___RS_Erly.B 9621_final_masked.jpg,RS_Erly.B 9621,tomato_Early blight,tomato_Early blight,0.9076895,True,Correct Early Blight,53.16032409667969,58.57943425048483,60.78521728515625,610.0273284630384,0.491973876953125
76b25fb0-e2fa-47ef-9b70-19efa3d65a9a___GHLB Leaf 1.4 Day 12_final_masked.jpg,GHLB Leaf 1.4,tomato_Late blight,tomato_Late blight,0.9932294,True,Correct Late Blight,58.13514709472656,53.20790606990508,79.57774353027344,294.75163223198615,0.6113128662109375
75894286-9ce2-448e-8148-0f7fc3442689___GHLB Leaf 2.2 Day 12_final_masked.jpg,GHLB Leaf 2.2,tomato_Late blight,tomato_Late blight,0.961771,True,Correct Late Blight,53.70716857910156,55.92182551319888,60.237060546875,280.31754731736146,0.5269927978515625
d2619e9f-172d-4c42-8513-0ab522c02824___GHLB Leaf 2.2 Day 16_final_masked.jpg,GHLB Leaf 2.2,tomato_Late blight,tomato_Late blight,0.96310645,True,Correct Late Blight,24.575408935546875,36.973828380670824,62.8095703125,170.36391272768378,0.35931396484375
90eb1ec4-efb0-426e-b84a-1ad097741da9___GHLB Leaf 23 Day 13_final_masked.jpg,GHLB Leaf 23,tomato_Late blight,tomato_Late blight,0.9988348,True,Correct Late Blight,41.505096435546875,56.32256933119582,53.33355712890625,283.5139841353521,0.3861236572265625
c73d4fb4-db6b-4f53-b15a-d739d9703b27___GHLB Leaf 23 Day 18_final_masked.jpg,GHLB Leaf 23,tomato_Late blight,tomato_Late blight,0.94127184,True,Correct Late Blight,43.815032958984375,71.49589663696936,53.97013854980469,278.04459027852863,0.29864501953125
d08bee32-4f76-4a08-9158-69fe55da2ddb___GHLB Leaf 23 Day 12_final_masked.jpg,GHLB Leaf 23,tomato_Late blight,tomato_Late blight,0.9984756,True,Correct Late Blight,52.79112243652344,60.22591056911715,63.73869323730469,261.7499209733214,0.47509765625
56fff1a0-e145-4cf8-a2e0-925d9fae1e24___GHLB Leaf 25 Day 12_final_masked.jpg,GHLB Leaf 25,tomato_Late blight,tomato_Late blight,0.9975262,True,Correct Late Blight,38.6480712890625,61.72515259464984,41.91392517089844,240.4443179310765,0.3087158203125
31df9041-c8b0-4ebb-93f7-cdac5338723b___GHLB Leaf 3.1 Day 1.JPG,GHLB Leaf 3.1,tomato_Late blight,tomato_Late blight,0.8881545,True,Correct Late Blight,168.528076171875,50.85465132931529,43.262969970703125,496.4143557434436,0.94000244140625
31df9041-c8b0-4ebb-93f7-cdac5338723b___GHLB Leaf 3.1 Day 1_final_masked.jpg,GHLB Leaf 3.1,tomato_Late blight,tomato_Late blight,0.35209185,True,Correct Late Blight,44.16009521484375,50.869717752504286,70.66371154785156,320.53005016758107,0.4471893310546875
0c3153b2-0e64-41b6-902a-66eafbf7cae6___GHLB Leaf 4.1 Day 1.JPG,GHLB Leaf 4.1,tomato_Late blight,tomato_Late blight,0.98286843,True,Correct Late Blight,102.708740234375,29.337288904873105,36.40234375,191.28276045038365,0.99993896484375
0c3153b2-0e64-41b6-902a-66eafbf7cae6___GHLB Leaf 4.1 Day 1_final_masked.jpg,GHLB Leaf 4.1,tomato_Late blight,tomato_Late blight,0.7467788,True,Correct Late Blight,29.93157958984375,45.43644806795795,43.7181396484375,305.3220166133251,0.3412017822265625
2850266c-aca2-4114-807f-a5b90ad012e5___GHLB Leaf 9 Day 6.JPG,GHLB Leaf 9,tomato_Late blight,tomato_Late blight,0.5614475,True,Correct Late Blight,113.766845703125,48.5463949516781,91.4117431640625,235.449087014189,1.0
2850266c-aca2-4114-807f-a5b90ad012e5___GHLB Leaf 9 Day 6_final_masked.jpg,GHLB Leaf 9,tomato_Late blight,tomato_Late blight,0.52823395,True,Correct Late Blight,52.35511779785156,43.6854305786364,93.21636962890625,290.0323218384292,0.68701171875
993ba935-925c-411c-887f-b06670d884c6___GHLB2 Leaf 100.1_final_masked.jpg,GHLB2 Leaf 100.1,tomato_Late blight,tomato_Late blight,0.9937296,True,Correct Late Blight,53.27464294433594,65.71941238066842,79.82711791992188,446.112493570894,0.4540252685546875
9309c2d7-07ea-4dfb-a79e-2e9128d38a75___GHLB2 Leaf 107.3_final_masked.jpg,GHLB2 Leaf 107.3,tomato_Late blight,tomato_Late blight,0.9649523,True,Correct Late Blight,53.27198791503906,66.83146431912097,78.32429504394531,625.0201835846528,0.4435272216796875
558681eb-ad2c-4c93-a347-c140f7e4517a___GHLB2 Leaf 116.1.JPG,GHLB2 Leaf 116.1,tomato_Late blight,tomato_Late blight,0.9939604,True,Correct Late Blight,119.381103515625,29.310481621158743,0.0,946.8064551120624,0.9987640380859375
558681eb-ad2c-4c93-a347-c140f7e4517a___GHLB2 Leaf 116.1_final_masked.jpg,GHLB2 Leaf 116.1,tomato_Late blight,tomato_Late blight,0.9988966,True,Correct Late Blight,41.693389892578125,63.51644071591692,63.68553161621094,359.74110673367977,0.3371124267578125
f3c203d3-4246-4af5-adfd-37452f637024___GHLB2 Leaf 118.1_final_masked.jpg,GHLB2 Leaf 118.1,tomato_Late blight,tomato_Late blight,0.99885654,True,Correct Late Blight,42.31510925292969,67.49114453797931,52.62889099121094,643.1968621404376,0.3078155517578125
fee09bd4-a9e3-4174-bd89-4f9b6f911902___GHLB2 Leaf 123_final_masked.jpg,GHLB2 Leaf 123,tomato_Late blight,tomato_Late blight,0.8284902,True,Correct Late Blight,66.12722778320312,77.12920836057805,73.35330200195312,389.4916923267301,0.4481201171875
7efeb8b7-9416-4b2b-bf24-acaf62918008___GHLB2 Leaf 124.1_final_masked.jpg,GHLB2 Leaf 124.1,tomato_Late blight,tomato_Late blight,0.9219068,True,Correct Late Blight,71.51412963867188,63.442478218783435,93.90023803710938,592.420628718799,0.595947265625
57e8eac3-bf54-463c-a3d7-6ef04ae0a8dc___GHLB2 Leaf 124.3_final_masked.jpg,GHLB2 Leaf 124.3,tomato_Late blight,tomato_Late blight,0.9475438,True,Correct Late Blight,74.62933349609375,70.16716052685527,73.06233215332031,308.47061021230184,0.5600738525390625
06a7cfd9-0992-4020-8a11-79249d657c0c___GHLB2 Leaf 131.JPG,GHLB2 Leaf 131,tomato_Late blight,tomato_Late blight,0.8495428,True,Correct Late Blight,85.23863220214844,29.349847170219846,58.00007629394531,1693.129282610258,0.9995880126953125
06a7cfd9-0992-4020-8a11-79249d657c0c___GHLB2 Leaf 131_final_masked.jpg,GHLB2 Leaf 131,tomato_Late blight,tomato_Late blight,0.9415663,True,Correct Late Blight,41.83659362792969,56.21118304231594,66.15589904785156,766.7761783187743,0.404205322265625
814df7b9-2950-4628-a03c-bfae17a4f0a8___GHLB2 Leaf 146.1_final_masked.jpg,GHLB2 Leaf 146.1,tomato_Late blight,tomato_Late blight,0.8287703,True,Correct Late Blight,58.8756103515625,66.15474823275197,81.86058044433594,831.9847542606294,0.47186279296875
08816f81-65f4-4372-84e8-d27b67a193d5___GHLB2 Leaf 152.JPG,GHLB2 Leaf 152,tomato_Late blight,tomato_Late blight,0.9908757,True,Correct Late Blight,127.88859558105469,36.30825683938323,65.57772827148438,1459.672524150461,0.99993896484375
08816f81-65f4-4372-84e8-d27b67a193d5___GHLB2 Leaf 152_final_masked.jpg,GHLB2 Leaf 152,tomato_Late blight,tomato_Late blight,0.91278607,True,Correct Late Blight,56.42218017578125,65.15881162517496,81.77021789550781,388.4545147679746,0.4471588134765625
10d91c8f-6d77-4c15-ad21-459688b52055___GHLB2 Leaf 154.4.JPG,GHLB2 Leaf 154.4,tomato_Late blight,tomato_Late blight,0.80584836,True,Correct Late Blight,118.31024169921875,26.355132708973354,21.34112548828125,2086.874496375909,0.999420166015625
10d91c8f-6d77-4c15-ad21-459688b52055___GHLB2 Leaf 154.4_final_masked.jpg,GHLB2 Leaf 154.4,tomato_Late blight,tomato_Late blight,0.85138994,True,Correct Late Blight,16.899765014648438,45.63797783312419,25.672012329101562,490.8070373535156,0.1315460205078125
47a6f6d3-e523-4103-bf89-ddc436f2a7a7___GHLB2 Leaf 154.5.JPG,GHLB2 Leaf 154.5,tomato_Late blight,tomato_Late blight,0.9907169,True,Correct Late Blight,105.92491149902344,27.803261580520957,0.0,2252.6135711648967,0.99957275390625
47a6f6d3-e523-4103-bf89-ddc436f2a7a7___GHLB2 Leaf 154.5_final_masked.jpg,GHLB2 Leaf 154.5,tomato_Late blight,tomato_Late blight,0.997997,True,Correct Late Blight,21.436004638671875,50.788846427532015,29.132003784179688,512.2223205566406,0.1645965576171875
d3756978-23f4-48a2-a7e5-9b32c9453059___GHLB2 Leaf 160.3_final_masked.jpg,GHLB2 Leaf 160.3,tomato_Late blight,tomato_Late blight,0.9986821,True,Correct Late Blight,58.83137512207031,76.91431222249427,64.39326477050781,510.314248024486,0.385162353515625
7fc96574-d320-4622-9695-1478156c6b76___GHLB2 Leaf 164.2_final_masked.jpg,GHLB2 Leaf 164.2,tomato_Late blight,tomato_Late blight,0.9970868,True,Correct Late Blight,69.26460266113281,77.72256883936183,81.58857727050781,465.50556503236294,0.4624176025390625
58e44a1a-8c19-4a83-834e-c40474a2cd51___GHLB2 Leaf 55.1_final_masked.jpg,GHLB2 Leaf 55.1,tomato_Late blight,tomato_Late blight,0.9022986,True,Correct Late Blight,44.76750183105469,66.50886745277249,49.06050109863281,543.3968904630747,0.3370361328125
25bfd51b-6db7-42a5-9990-992f52a0c836___GHLB2 Leaf 61.JPG,GHLB2 Leaf 61,tomato_Late blight,tomato_Late blight,0.94383687,True,Correct Late Blight,102.30067443847656,31.647604894228987,64.04397583007812,357.08325023110956,0.999908447265625
25bfd51b-6db7-42a5-9990-992f52a0c836___GHLB2 Leaf 61_final_masked.jpg,GHLB2 Leaf 61,tomato_Late blight,tomato_Late blight,0.977095,True,Correct Late Blight,71.93788146972656,67.44694910924171,83.10302734375,566.5429912200198,0.58453369140625
a07a8ed5-dbed-4299-96ef-18bc1ffcab3b___GHLB2 Leaf 68_final_masked.jpg,GHLB2 Leaf 68,tomato_Late blight,tomato_Late blight,0.76560974,True,Correct Late Blight,105.0308837890625,31.961748982153868,47.32511901855469,302.0188223735895,1.0
52c38d27-ff5d-4eb0-83a4-4dea0a7bc51b___GHLB2 Leaf 73.JPG,GHLB2 Leaf 73,tomato_Late blight,tomato_Late blight,0.998968,True,Correct Late Blight,111.2174072265625,23.13399792673979,0.0,904.02017371892,0.9999542236328125
52c38d27-ff5d-4eb0-83a4-4dea0a7bc51b___GHLB2 Leaf 73_final_masked.jpg,GHLB2 Leaf 73,tomato_Late blight,tomato_Late blight,0.93667275,True,Correct Late Blight,34.8135986328125,53.43080683265155,56.25154113769531,445.10921735479496,0.3268890380859375
4f47d31b-0890-49a7-ab33-8b5865cb8843___GHLB2 Leaf 80.JPG,GHLB2 Leaf 80,tomato_Late blight,tomato_Late blight,0.9848691,True,Correct Late Blight,115.69337463378906,30.268222676677155,0.0,388.01247388031334,1.0
4f47d31b-0890-49a7-ab33-8b5865cb8843___GHLB2 Leaf 80_final_masked.jpg,GHLB2 Leaf 80,tomato_Late blight,tomato_Late blight,0.999485,True,Correct Late Blight,50.12571716308594,66.66682918460924,71.06614685058594,385.0921418329235,0.3878936767578125
4789c47e-2fcd-4dd5-8a57-818b745c123d___GHLB2 Leaf 8545.JPG,GHLB2 Leaf 8545,tomato_Late blight,tomato_Late blight,0.7643227,True,Correct Late Blight,117.79454040527344,20.001947112309985,0.0,136.08657523617148,0.9999847412109375
4789c47e-2fcd-4dd5-8a57-818b745c123d___GHLB2 Leaf 8545_final_masked.jpg,GHLB2 Leaf 8545,tomato_Late blight,tomato_Late blight,0.92680025,True,Correct Late Blight,62.698699951171875,72.02760363614586,66.58865356445312,246.21347720711492,0.4447784423828125
c59952b7-66e1-484d-a2e2-d240e7b12680___GHLB2 Leaf 8553_final_masked.jpg,GHLB2 Leaf 8553,tomato_Late blight,tomato_Late blight,0.9709712,True,Correct Late Blight,49.66514587402344,62.89947441454061,59.90350341796875,222.20784460008144,0.4031524658203125
16064ecf-b035-4531-a6c0-d654dfccd6de___GHLB2 Leaf 8570.JPG,GHLB2 Leaf 8570,tomato_Late blight,tomato_Late blight,0.96247196,True,Correct Late Blight,121.66439819335938,16.996714902365735,59.47039794921875,459.33426364301704,1.0
16064ecf-b035-4531-a6c0-d654dfccd6de___GHLB2 Leaf 8570_final_masked.jpg,GHLB2 Leaf 8570,tomato_Late blight,tomato_Late blight,0.4706024,True,Correct Late Blight,53.901458740234375,64.94698878972409,78.7640380859375,320.1910994478967,0.4231109619140625
8afb4f4f-cc42-45fb-b3bb-6d6a4b358d8b___GHLB2 Leaf 8574_final_masked.jpg,GHLB2 Leaf 8574,tomato_Late blight,tomato_Late blight,0.9988387,True,Correct Late Blight,55.41905212402344,62.160674393813636,90.17222595214844,240.76630837260745,0.45758056640625
fdbc3a0b-5da5-452d-a6e4-b5a5e6dc396a___GHLB2 Leaf 8575_final_masked.jpg,GHLB2 Leaf 8575,tomato_Late blight,tomato_Late blight,0.9690628,True,Correct Late Blight,60.41094970703125,61.4128209825249,101.75297546386719,345.0083006238565,0.50433349609375
e9b2e447-add8-4ff1-a24b-eb577d0085c7___GHLB2 Leaf 8589_final_masked.jpg,GHLB2 Leaf 8589,tomato_Late blight,tomato_Late blight,0.9902152,True,Correct Late Blight,60.707611083984375,73.96997979465318,76.91171264648438,267.4198303222656,0.415313720703125
22686908-57fc-4567-92c4-e736d90744b4___GHLB2 Leaf 8590.JPG,GHLB2 Leaf 8590,tomato_Late blight,tomato_Late blight,0.9914488,True,Correct Late Blight,131.5729522705078,23.040888793277844,55.10398864746094,242.38570326473564,0.9994049072265625
22686908-57fc-4567-92c4-e736d90744b4___GHLB2 Leaf 8590_final_masked.jpg,GHLB2 Leaf 8590,tomato_Late blight,tomato_Late blight,0.96290964,True,Correct Late Blight,51.7203369140625,75.59168949518259,66.89056396484375,346.4670866893139,0.3297271728515625
19bfccfd-5df8-41be-910e-2c5f3eae3573___GHLB2 Leaf 8597.JPG,GHLB2 Leaf 8597,tomato_Late blight,tomato_Late blight,0.99756145,True,Correct Late Blight,106.28245544433594,21.966823346372912,51.54096984863281,151.41033786535263,0.9998626708984375
19bfccfd-5df8-41be-910e-2c5f3eae3573___GHLB2 Leaf 8597_final_masked.jpg,GHLB2 Leaf 8597,tomato_Late blight,tomato_Late blight,0.98915064,True,Correct Late Blight,35.44207763671875,65.82511227477063,39.75886535644531,197.34287278889678,0.2376861572265625
275e6226-c0a6-482d-b382-da22452db846___GHLB2 Leaf 8607.JPG,GHLB2 Leaf 8607,tomato_Late blight,tomato_Late blight,0.99944216,True,Correct Late Blight,108.39718627929688,27.19070878411567,29.389312744140625,227.6675347685814,1.0
275e6226-c0a6-482d-b382-da22452db846___GHLB2 Leaf 8607_final_masked.jpg,GHLB2 Leaf 8607,tomato_Late blight,tomato_Late blight,0.99611914,True,Correct Late Blight,13.590744018554688,39.44267427050344,29.641586303710938,136.93423461914062,0.1168670654296875
4ae26730-1f0b-4f49-aad5-774f0ed4df35___GHLB2 Leaf 8621.JPG,GHLB2 Leaf 8621,tomato_Late blight,tomato_Late blight,0.99932206,True,Correct Late Blight,118.25248718261719,19.124156297846188,0.0,199.3845498561859,1.0
4ae26730-1f0b-4f49-aad5-774f0ed4df35___GHLB2 Leaf 8621_final_masked.jpg,GHLB2 Leaf 8621,tomato_Late blight,tomato_Late blight,0.99358505,True,Correct Late Blight,28.556106567382812,54.51158560649604,50.74958801269531,392.7421112039592,0.2423248291015625
3f5d6de4-0966-4798-b142-78c4fb4097b5___GHLB2 Leaf 8628.JPG,GHLB2 Leaf 8628,tomato_Late blight,tomato_Late blight,0.9995239,True,Correct Late Blight,124.08970642089844,23.511243237927903,29.733184814453125,127.6983300873544,1.0
3f5d6de4-0966-4798-b142-78c4fb4097b5___GHLB2 Leaf 8628_final_masked.jpg,GHLB2 Leaf 8628,tomato_Late blight,tomato_Late blight,0.99988127,True,Correct Late Blight,18.223892211914062,47.52009684684058,27.80096435546875,164.7900390625,0.135498046875
e0cf0b07-8ee9-406e-a7fb-5410ba7c84b7___GHLB2 Leaf 8630_final_masked.jpg,GHLB2 Leaf 8630,tomato_Late blight,tomato_Late blight,0.9684664,True,Correct Late Blight,24.822906494140625,54.98548595735382,42.48625183105469,439.3267822265625,0.1797332763671875
8b08d651-0fcc-43da-8aec-34389f834d63___GHLB2 Leaf 8644_final_masked.jpg,GHLB2 Leaf 8644,tomato_Late blight,tomato_Late blight,0.9883493,True,Correct Late Blight,26.259658813476562,50.9059904797981,46.86961364746094,295.0557861328125,0.2218475341796875
b8995533-058e-49fb-94ae-30b2d9cff3cc___GHLB2 Leaf 8646_final_masked.jpg,GHLB2 Leaf 8646,tomato_Late blight,tomato_Late blight,0.99808925,True,Correct Late Blight,24.945083618164062,50.099643350567796,42.86769104003906,225.02719116210938,0.20758056640625
efe3a784-f4d6-4635-bef8-c81fffeee36b___GHLB2 Leaf 8651_final_masked.jpg,GHLB2 Leaf 8651,tomato_Late blight,tomato_Late blight,0.99562836,True,Correct Late Blight,28.662673950195312,57.30678433943535,44.852020263671875,261.58447265625,0.21099853515625
0d7b0e84-1c99-4699-84ed-ca86aec642e5___GHLB2 Leaf 8652.JPG,GHLB2 Leaf 8652,tomato_Late blight,tomato_Late blight,0.999871,True,Correct Late Blight,116.68128967285156,24.013385885407132,42.114044189453125,622.1656936628278,1.0
0d7b0e84-1c99-4699-84ed-ca86aec642e5___GHLB2 Leaf 8652_final_masked.jpg,GHLB2 Leaf 8652,tomato_Late blight,tomato_Late blight,0.9714858,True,Correct Late Blight,30.63873291015625,61.546084700799604,41.28617858886719,273.6805419921875,0.2088470458984375
a65ce89e-dc42-4ef6-ae82-68017cec5884___GHLB2 Leaf 8653_final_masked.jpg,GHLB2 Leaf 8653,tomato_Late blight,tomato_Late blight,0.99520594,True,Correct Late Blight,21.654541015625,51.17085024149756,31.943572998046875,260.4261474609375,0.1618194580078125
bc21154c-09a0-4428-9afe-be7ea00739d8___GHLB2 Leaf 8656_final_masked.jpg,GHLB2 Leaf 8656,tomato_Late blight,tomato_Late blight,0.98777956,True,Correct Late Blight,17.705657958984375,43.067692218263,29.077468872070312,206.82638549804688,0.1520843505859375
975cefdc-29dc-4355-b9bb-5abd4a910654___GHLB2 Leaf 8657_final_masked.jpg,GHLB2 Leaf 8657,tomato_Late blight,tomato_Late blight,0.9995384,True,Correct Late Blight,16.088348388671875,43.29233388065032,22.083892822265625,173.21331787109375,0.1276092529296875
f3e53136-750b-4394-96fe-0cd8c2f747bc___GHLB2 Leaf 8661_final_masked.jpg,GHLB2 Leaf 8661,tomato_Late blight,tomato_Late blight,0.997626,True,Correct Late Blight,17.055908203125,44.06827400671629,23.003616333007812,201.16525268554688,0.1372833251953125
a1df42a3-9ea0-491b-a075-14b6ae8068dd___GHLB2 Leaf 8664_final_masked.jpg,GHLB2 Leaf 8664,tomato_Late blight,tomato_Late blight,0.99804723,True,Correct Late Blight,24.837326049804688,54.53346984829332,34.67622375488281,250.84500122070312,0.1783599853515625
40ad58d9-f6ab-4487-a150-e2da47f733f1___GHLB2 Leaf 8665.JPG,GHLB2 Leaf 8665,tomato_Late blight,tomato_Late blight,0.99985087,True,Correct Late Blight,124.09681701660156,21.420234047185264,29.3878173828125,376.5951305811759,1.0
40ad58d9-f6ab-4487-a150-e2da47f733f1___GHLB2 Leaf 8665_final_masked.jpg,GHLB2 Leaf 8665,tomato_Late blight,tomato_Late blight,0.9957711,True,Correct Late Blight,16.695556640625,42.23786702328231,30.20404052734375,185.21319580078125,0.14178466796875
16441ce5-dcfa-411c-8029-cef10b3f6474___GHLB2 Leaf 8687.JPG,GHLB2 Leaf 8687,tomato_Late blight,tomato_Late blight,0.99378794,True,Correct Late Blight,120.59054565429688,22.914395022308447,43.85047912597656,880.4809236486908,0.99957275390625
16441ce5-dcfa-411c-8029-cef10b3f6474___GHLB2 Leaf 8687_final_masked.jpg,GHLB2 Leaf 8687,tomato_Late blight,tomato_Late blight,0.99263215,True,Correct Late Blight,33.75323486328125,60.72945446755046,50.17939758300781,502.2785949250683,0.252166748046875
545d8b80-b6b1-45fe-8f3d-4d0a904730e9___GHLB2 Leaf 87.1.JPG,GHLB2 Leaf 87.1,tomato_Late blight,tomato_Late blight,0.98788816,True,Correct Late Blight,128.94993591308594,35.80002550938956,0.0,1384.4071966351476,0.9978179931640625
545d8b80-b6b1-45fe-8f3d-4d0a904730e9___GHLB2 Leaf 87.1_final_masked.jpg,GHLB2 Leaf 87.1,tomato_Late blight,tomato_Late blight,0.99917465,True,Correct Late Blight,55.955780029296875,69.0720086614809,68.71018981933594,495.58569324668497,0.433624267578125
82e462d5-14fb-4530-a8b8-c844d1cc5f43___GHLB2 Leaf 8701_final_masked.jpg,GHLB2 Leaf 8701,tomato_Late blight,tomato_Late blight,0.8101711,True,Correct Late Blight,25.790725708007812,51.85092667888576,41.37855529785156,389.3376770019531,0.2080230712890625
41f6fe04-5205-4a08-a2a1-961080b5edef___GHLB2 Leaf 8703.JPG,GHLB2 Leaf 8703,tomato_Late blight,tomato_Late blight,0.970656,True,Correct Late Blight,113.9697265625,16.04089752268978,44.258331298828125,423.364971695235,1.0
41f6fe04-5205-4a08-a2a1-961080b5edef___GHLB2 Leaf 8703_final_masked.jpg,GHLB2 Leaf 8703,tomato_Late blight,tomato_Late blight,0.97410697,True,Correct Late Blight,33.26995849609375,54.803860846387025,51.6920166015625,455.52568054175936,0.2838134765625
b96d76c8-4ad5-4bfb-bb21-faed3215583e___GHLB2 Leaf 8723_final_masked.jpg,GHLB2 Leaf 8723,tomato_Late blight,tomato_Late blight,0.9999281,True,Correct Late Blight,19.510452270507812,49.26315903902172,27.563613891601562,205.18792724609375,0.14227294921875
4de5d2c4-bed5-436a-95e2-bcf43a1723fd___GHLB2 Leaf 8727.JPG,GHLB2 Leaf 8727,tomato_Late blight,tomato_Late blight,0.9997615,True,Correct Late Blight,113.74343872070312,17.078366314952373,0.0,628.3629654115066,0.9999237060546875
4de5d2c4-bed5-436a-95e2-bcf43a1723fd___GHLB2 Leaf 8727_final_masked.jpg,GHLB2 Leaf 8727,tomato_Late blight,tomato_Late blight,0.99139565,True,Correct Late Blight,18.065658569335938,50.13085606048979,27.281906127929688,309.46337890625,0.1237945556640625
b19055d9-6a5d-4b73-90a5-3b3685ac344a___GHLB2 Leaf 8729_final_masked.jpg,GHLB2 Leaf 8729,tomato_Late blight,tomato_Late blight,0.9967828,True,Correct Late Blight,13.609161376953125,45.19276628582572,23.528396606445312,272.1612548828125,0.0915985107421875
0893ac69-4004-4577-b4aa-496983116208___GHLB2 Leaf 8738.JPG,GHLB2 Leaf 8738,tomato_Late blight,tomato_Late blight,0.94359577,True,Correct Late Blight,118.23341369628906,22.329218556025463,30.292510986328125,1131.1448964467272,0.9998321533203125
0893ac69-4004-4577-b4aa-496983116208___GHLB2 Leaf 8738_final_masked.jpg,GHLB2 Leaf 8738,tomato_Late blight,tomato_Late blight,0.97523844,True,Correct Late Blight,13.665420532226562,41.37422639078814,20.146636962890625,217.54367065429688,0.1066131591796875
531d1dc7-d864-4464-b2ad-1fc76f825021___GHLB2 Leaf 8742.JPG,GHLB2 Leaf 8742,tomato_Late blight,tomato_Late blight,0.9966904,True,Correct Late Blight,115.96221923828125,21.38277198700905,0.0,549.2410582301673,0.9998626708984375
531d1dc7-d864-4464-b2ad-1fc76f825021___GHLB2 Leaf 8742_final_masked.jpg,GHLB2 Leaf 8742,tomato_Late blight,tomato_Late blight,0.998769,True,Correct Late Blight,8.847640991210938,33.67579862564828,13.7606201171875,189.51199340820312,0.0702362060546875
17948fd9-d37a-4324-b0e1-0b03701682f0___GHLB2 Leaf 8746.JPG,GHLB2 Leaf 8746,tomato_Late blight,tomato_Late blight,0.9990707,True,Correct Late Blight,118.75775146484375,21.356630183748976,38.58837890625,1777.1750478744507,0.9999542236328125
17948fd9-d37a-4324-b0e1-0b03701682f0___GHLB2 Leaf 8746_final_masked.jpg,GHLB2 Leaf 8746,tomato_Late blight,tomato_Late blight,0.9978097,True,Correct Late Blight,24.174545288085938,54.52326208178567,38.69415283203125,486.0019073484,0.1756439208984375
5e85791b-b3a7-430e-b3af-e244c2d16f31___GHLB2 Leaf 8747_final_masked.jpg,GHLB2 Leaf 8747,tomato_Late blight,tomato_Late blight,0.99908876,True,Correct Late Blight,21.292343139648438,51.465192271973876,36.50538635253906,476.9640197744593,0.1579437255859375
f4ab4184-4d1b-4b06-83bd-6324281c8588___GHLB2 Leaf 8751_final_masked.jpg,GHLB2 Leaf 8751,tomato_Late blight,tomato_Late blight,0.9983012,True,Correct Late Blight,22.698577880859375,52.6860116345144,38.55767822265625,478.88763427361846,0.17169189453125
5c25c249-5433-47b9-be00-6cd2d31f48c1___GHLB2 Leaf 8753_final_masked.jpg,GHLB2 Leaf 8753,tomato_Late blight,tomato_Late blight,0.99750936,True,Correct Late Blight,20.409378051757812,47.03610949319944,36.183746337890625,263.7875213602092,0.1696929931640625
41e1ea20-a4d0-4ef0-9362-b3756c8c06ec___GHLB2 Leaf 8755.JPG,GHLB2 Leaf 8755,tomato_Late blight,tomato_Late blight,0.9679979,True,Correct Late Blight,124.29583740234375,21.968652866004312,35.24955749511719,932.1888796677813,0.99981689453125
41e1ea20-a4d0-4ef0-9362-b3756c8c06ec___GHLB2 Leaf 8755_final_masked.jpg,GHLB2 Leaf 8755,tomato_Late blight,tomato_Late blight,0.993814,True,Correct Late Blight,19.874710083007812,46.17082113401959,35.03948974609375,254.8373434317764,0.1684722900390625
09d2deda-7403-489f-b723-5ae5e00e2311___GHLB2 Leaf 8756.JPG,GHLB2 Leaf 8756,tomato_Late blight,tomato_Late blight,0.9848326,True,Correct Late Blight,123.89189147949219,22.78011769892542,30.74859619140625,1255.0875244401395,0.9998779296875
09d2deda-7403-489f-b723-5ae5e00e2311___GHLB2 Leaf 8756_final_masked.jpg,GHLB2 Leaf 8756,tomato_Late blight,tomato_Late blight,0.96622777,True,Correct Late Blight,16.80419921875,43.86085034027088,29.396926879882812,245.131591796875,0.1365966796875
9c0d321d-1b14-40df-a9fe-1c6b8e10f13b___GHLB2 Leaf 8770_final_masked.jpg,GHLB2 Leaf 8770,tomato_Late blight,tomato_Late blight,0.9732127,True,Correct Late Blight,26.8629150390625,57.48268230594786,39.77435302734375,403.08807373046875,0.19342041015625
85a581dc-108b-4ca0-9f34-f8b2baeccbe6___GHLB2 Leaf 8788_final_masked.jpg,GHLB2 Leaf 8788,tomato_Late blight,tomato_Late blight,0.9980914,True,Correct Late Blight,40.97224426269531,62.60618110735222,54.594757080078125,263.0212855802383,0.312957763671875
25bb0739-cbd4-4e75-a6f4-67ca5cc7f986___GHLB2 Leaf 8789.JPG,GHLB2 Leaf 8789,tomato_Late blight,tomato_Late blight,0.8383224,True,Correct Late Blight,122.54478454589844,14.733138740843673,55.38673400878906,577.9177583307028,1.0
25bb0739-cbd4-4e75-a6f4-67ca5cc7f986___GHLB2 Leaf 8789_final_masked.jpg,GHLB2 Leaf 8789,tomato_Late blight,tomato_Late blight,0.9979393,True,Correct Late Blight,32.69807434082031,48.882484241075005,69.29447937011719,281.61932373046875,0.32916259765625
c6dd1b5a-316b-468a-837a-707071a1ff98___GHLB2 Leaf 8790_final_masked.jpg,GHLB2 Leaf 8790,tomato_Late blight,tomato_Late blight,0.99646854,True,Correct Late Blight,21.668899536132812,48.81006329242727,31.559814453125,250.2030029296875,0.1721343994140625
7d8f07cb-cb5b-4c4a-97f9-224258af8343___GHLB2 Leaf 8791_final_masked.jpg,GHLB2 Leaf 8791,tomato_Late blight,tomato_Late blight,0.98991954,True,Correct Late Blight,26.552001953125,54.572102967191164,36.755035400390625,258.1435241699219,0.19903564453125
c5749d4c-332c-4017-bcb8-c22d5dbcc91e___GHLB2 Leaf 8803_final_masked.jpg,GHLB2 Leaf 8803,tomato_Late blight,tomato_Late blight,0.870893,True,Correct Late Blight,27.133132934570312,57.37060362685256,41.95222473144531,422.2571105957031,0.198638916015625
8f652c9e-134b-4b9f-bdca-15ad4f6a87ba___GHLB2 Leaf 8808_final_masked.jpg,GHLB2 Leaf 8808,tomato_Late blight,tomato_Late blight,0.9865442,True,Correct Late Blight,33.372528076171875,63.37088259346133,44.79347229003906,440.2217102050781,0.233856201171875
32f1dc26-082e-46ea-8cdc-c3d9660acff3___GHLB2 Leaf 8815.JPG,GHLB2 Leaf 8815,tomato_Late blight,tomato_Late blight,0.9995437,True,Correct Late Blight,112.45411682128906,23.24952222412166,50.834197998046875,548.8664675706532,0.9998779296875
32f1dc26-082e-46ea-8cdc-c3d9660acff3___GHLB2 Leaf 8815_final_masked.jpg,GHLB2 Leaf 8815,tomato_Late blight,tomato_Late blight,0.9990362,True,Correct Late Blight,30.35028076171875,58.76603797398165,50.38623046875,358.75543212890625,0.222686767578125
280cae12-7330-4202-b5cb-236fc869907c___GHLB2 Leaf 8821.JPG,GHLB2 Leaf 8821,tomato_Late blight,tomato_Late blight,0.976044,True,Correct Late Blight,125.61589050292969,23.08869742505761,40.04925537109375,405.21436285972595,0.9997406005859375
280cae12-7330-4202-b5cb-236fc869907c___GHLB2 Leaf 8821_final_masked.jpg,GHLB2 Leaf 8821,tomato_Late blight,tomato_Late blight,0.9964715,True,Correct Late Blight,28.397628784179688,56.0787779232625,38.54901123046875,427.4170227050781,0.218536376953125
3ef1e6d9-0ea8-4b1d-a2f4-a99bbc4ba66e___GHLB2 Leaf 8830.JPG,GHLB2 Leaf 8830,tomato_Late blight,tomato_Late blight,0.9676371,True,Correct Late Blight,123.39730834960938,24.776562205988256,36.31170654296875,1029.805010739481,0.999847412109375
3ef1e6d9-0ea8-4b1d-a2f4-a99bbc4ba66e___GHLB2 Leaf 8830_final_masked.jpg,GHLB2 Leaf 8830,tomato_Late blight,tomato_Late blight,0.9720721,True,Correct Late Blight,22.9840087890625,52.416114455231295,31.365325927734375,323.25958251953125,0.172637939453125
6dbfc1ca-37e7-4768-8009-4394e97c6c03___GHLB2 Leaf 8838_final_masked.jpg,GHLB2 Leaf 8838,tomato_Late blight,tomato_Late blight,0.9344975,True,Correct Late Blight,41.29920959472656,64.47877209886377,66.29719543457031,376.87274169921875,0.3133392333984375
0b137624-885b-4d9b-b9e6-330c6681de4b___GHLB2 Leaf 8848.JPG,GHLB2 Leaf 8848,tomato_Late blight,tomato_Late blight,0.99810445,True,Correct Late Blight,122.34112548828125,21.211678379162045,40.71437072753906,599.9130464754999,1.0
0b137624-885b-4d9b-b9e6-330c6681de4b___GHLB2 Leaf 8848_final_masked.jpg,GHLB2 Leaf 8848,tomato_Late blight,tomato_Late blight,0.9981325,True,Correct Late Blight,34.7119140625,58.87287097977147,48.65098571777344,315.3064880371094,0.269195556640625
6578c88a-fd14-450b-8e75-c94571decf83___GHLB2 Leaf 8849_final_masked.jpg,GHLB2 Leaf 8849,tomato_Late blight,tomato_Late blight,0.9947812,True,Correct Late Blight,29.95098876953125,54.069305954806225,43.413421630859375,269.5452575683594,0.245880126953125
a5fe1111-38b0-4206-9ac7-3eec701beb79___GHLB2 Leaf 8868_final_masked.jpg,GHLB2 Leaf 8868,tomato_Late blight,tomato_Late blight,0.99664956,True,Correct Late Blight,20.068374633789062,51.053863895253215,30.134475708007812,214.18994140625,0.142333984375
2d7fa670-2828-440e-aba2-1f7a843988ea___GHLB2 Leaf 8869.JPG,GHLB2 Leaf 8869,tomato_Late blight,tomato_Late blight,0.9999931,True,Correct Late Blight,121.473876953125,22.2800553832209,37.862548828125,767.1218259027228,0.99993896484375
2d7fa670-2828-440e-aba2-1f7a843988ea___GHLB2 Leaf 8869_final_masked.jpg,GHLB2 Leaf 8869,tomato_Late blight,tomato_Late blight,0.9996171,True,Correct Late Blight,23.302749633789062,51.86742198986818,38.498321533203125,313.1679382324219,0.1796112060546875
8f0a83b5-357c-4fc3-ba27-58303fa29bde___GHLB2 Leaf 8875_final_masked.jpg,GHLB2 Leaf 8875,tomato_Late blight,tomato_Late blight,0.9931171,True,Correct Late Blight,27.878982543945312,53.92302999854118,45.19978332519531,464.050537109375,0.231903076171875
e980207c-6e67-4caf-8973-7128ca2a1c12___GHLB2 Leaf 8876_final_masked.jpg,GHLB2 Leaf 8876,tomato_Late blight,tomato_Late blight,0.98541534,True,Correct Late Blight,24.964981079101562,51.960358200597106,42.216156005859375,448.26800537109375,0.2058563232421875
4ca113ee-0468-483d-be29-68a27bf60a71___GHLB2 Leaf 8890.JPG,GHLB2 Leaf 8890,tomato_Late blight,tomato_Late blight,0.74392295,True,Correct Late Blight,122.99758911132812,32.673690211382805,0.0,653.80983634945,0.9991607666015625
4ca113ee-0468-483d-be29-68a27bf60a71___GHLB2 Leaf 8890_final_masked.jpg,GHLB2 Leaf 8890,tomato_Late blight,tomato_Late blight,0.95415485,True,Correct Late Blight,26.233230590820312,54.66247754419686,44.10882568359375,504.4916860552039,0.2151947021484375
cd68ccb3-8745-4307-a7d0-15c6f4aa26f9___GHLB2 Leaf 8891_final_masked.jpg,GHLB2 Leaf 8891,tomato_Late blight,tomato_Late blight,0.88091254,True,Correct Late Blight,23.357269287109375,51.95167774313367,43.77734375,539.0173372169957,0.1880035400390625
d730c413-51de-4f47-86bd-e0763f5a5298___GHLB2 Leaf 8894_final_masked.jpg,GHLB2 Leaf 8894,tomato_Late blight,tomato_Late blight,0.9315399,True,Correct Late Blight,31.563186645507812,61.78477855792425,47.310333251953125,694.1709289550781,0.2266082763671875
507ffea4-183f-48c4-af97-d1201c99da5f___GHLB2 Leaf 8895.JPG,GHLB2 Leaf 8895,tomato_Late blight,tomato_Late blight,0.96371335,True,Correct Late Blight,111.67832946777344,24.31550728242586,0.0,1668.3100653586444,0.998748779296875
507ffea4-183f-48c4-af97-d1201c99da5f___GHLB2 Leaf 8895_final_masked.jpg,GHLB2 Leaf 8895,tomato_Late blight,tomato_Late blight,0.91478705,True,Correct Late Blight,28.2415771484375,58.9690650855462,44.332427978515625,659.97705078125,0.2061767578125
a710379a-3b85-435c-8b46-7a177b42ff52___GHLB2 Leaf 8906_final_masked.jpg,GHLB2 Leaf 8906,tomato_Late blight,tomato_Late blight,0.9983271,True,Correct Late Blight,18.350860595703125,45.52006211064772,24.828811645507812,167.60015869140625,0.1508636474609375
e27901d0-1f93-4342-a8d1-6e19f234b296___GHLB2 Leaf 8916_final_masked.jpg,GHLB2 Leaf 8916,tomato_Late blight,tomato_Late blight,0.6823161,True,Correct Late Blight,21.797836303710938,52.62006136204305,39.890167236328125,455.84619140625,0.1596832275390625
05a34df9-4fc9-460a-b675-3c4a37cfdf4c___GHLB2 Leaf 8917.JPG,GHLB2 Leaf 8917,tomato_Late blight,tomato_Late blight,0.54543984,True,Correct Late Blight,113.17056274414062,23.810846530535237,36.064208984375,991.7600516674574,0.9995880126953125
05a34df9-4fc9-460a-b675-3c4a37cfdf4c___GHLB2 Leaf 8917_final_masked.jpg,GHLB2 Leaf 8917,tomato_Late blight,tomato_Late blight,0.97176886,True,Correct Late Blight,23.056137084960938,54.498008827675555,37.33863830566406,534.4010314941406,0.1647491455078125
c02d8671-0b42-4fb3-a7c7-5bbb002ca6d3___GHLB2 Leaf 8935_final_masked.jpg,GHLB2 Leaf 8935,tomato_Late blight,tomato_Late blight,0.99756914,True,Correct Late Blight,21.31512451171875,53.98781392365322,29.7362060546875,299.9190673828125,0.144500732421875
a7f4ecd0-7040-4a9f-830e-7b4572277d2d___GHLB2 Leaf 8937_final_masked.jpg,GHLB2 Leaf 8937,tomato_Late blight,tomato_Late blight,0.9995679,True,Correct Late Blight,19.843978881835938,50.34686109561543,28.95062255859375,206.6817626953125,0.14202880859375
59cf2a70-1658-4f1d-b35c-dfe02630a28a___GHLB2 Leaf 8938_final_masked.jpg,GHLB2 Leaf 8938,tomato_Late blight,tomato_Late blight,0.99914765,True,Correct Late Blight,20.614273071289062,51.94192375268769,32.21418762207031,298.2417907714844,0.1432342529296875
7edf8e92-d212-46f4-843e-0c08bd263f73___GHLB2 Leaf 8944_final_masked.jpg,GHLB2 Leaf 8944,tomato_Late blight,tomato_Late blight,0.99721366,True,Correct Late Blight,13.00103759765625,43.284591676587844,20.41851806640625,224.78164672851562,0.089508056640625
8cb8fc56-d6b5-4032-b5f4-aebe52af18a3___GHLB2 Leaf 8945_final_masked.jpg,GHLB2 Leaf 8945,tomato_Late blight,tomato_Late blight,0.9928873,True,Correct Late Blight,17.287567138671875,47.56954499005302,22.985626220703125,213.68731689453125,0.1246795654296875
b4a271bd-619a-4735-8fd5-28124c4f4508___GHLB2 Leaf 8949_final_masked.jpg,GHLB2 Leaf 8949,tomato_Late blight,tomato_Late blight,0.9993352,True,Correct Late Blight,13.162445068359375,38.05331427513801,25.5196533203125,199.360107421875,0.113616943359375
89c134ee-41f7-46b7-b4dc-4229b3b3ca08___GHLB2 Leaf 8952_final_masked.jpg,GHLB2 Leaf 8952,tomato_Late blight,tomato_Late blight,0.9976528,True,Correct Late Blight,13.072708129882812,33.496486319164845,30.350250244140625,176.69509887695312,0.1401824951171875
8634f13d-ee5a-442e-8b58-6b667c91379c___GHLB2 Leaf 8968_final_masked.jpg,GHLB2 Leaf 8968,tomato_Late blight,tomato_Late blight,0.9631572,True,Correct Late Blight,15.889404296875,45.61584822368891,27.469009399414062,346.0875244140625,0.1157989501953125
5c33bdb3-8101-4b21-a9d1-8d490bb22e16___GHLB2 Leaf 8971_final_masked.jpg,GHLB2 Leaf 8971,tomato_Late blight,tomato_Late blight,0.9821838,True,Correct Late Blight,19.292800903320312,49.718336055386715,31.769439697265625,426.8636169433594,0.141571044921875
d730e978-5e96-4a43-878b-33ffc5b635c4___GHLB2 Leaf 8972_final_masked.jpg,GHLB2 Leaf 8972,tomato_Late blight,tomato_Late blight,0.9895662,True,Correct Late Blight,22.077301025390625,51.36224970222146,37.53575134277344,549.4864196777344,0.1746368408203125
12044cb0-2591-4696-8a85-3d3f319f4f6a___GHLB2 Leaf 8977.JPG,GHLB2 Leaf 8977,tomato_Late blight,tomato_Late blight,0.9956975,True,Correct Late Blight,108.7896728515625,29.546501840921067,47.21319580078125,574.4721596201416,0.99993896484375
12044cb0-2591-4696-8a85-3d3f319f4f6a___GHLB2 Leaf 8977_final_masked.jpg,GHLB2 Leaf 8977,tomato_Late blight,tomato_Late blight,0.9961816,True,Correct Late Blight,36.07655334472656,62.242246205495576,50.97564697265625,552.1509467975702,0.282745361328125
f15b868b-23ae-4e87-8053-6199c363e079___GHLB2 Leaf 8984_final_masked.jpg,GHLB2 Leaf 8984,tomato_Late blight,tomato_Late blight,0.9665945,True,Correct Late Blight,10.055191040039062,37.23364459416415,18.287872314453125,205.48965454101562,0.07806396484375
81b4d72b-4124-45d4-b96a-0ec13ca7f376___GHLB2 Leaf 8989_final_masked.jpg,GHLB2 Leaf 8989,tomato_Late blight,tomato_Late blight,0.9951131,True,Correct Late Blight,12.215499877929688,39.86477185463801,22.162933349609375,158.46231079101562,0.09356689453125
1f200e50-7cb5-4a83-8ecd-dcf133f1f45e___GHLB2 Leaf 8991.JPG,GHLB2 Leaf 8991,tomato_Late blight,tomato_Late blight,0.95975447,True,Correct Late Blight,122.0123291015625,21.65732660101473,26.41094970703125,742.0250697098672,0.9998779296875
1f200e50-7cb5-4a83-8ecd-dcf133f1f45e___GHLB2 Leaf 8991_final_masked.jpg,GHLB2 Leaf 8991,tomato_Late blight,tomato_Late blight,0.9958758,True,Correct Late Blight,14.220748901367188,42.71749006321035,22.874404907226562,194.4833984375,0.107635498046875
100a5029-a6c0-4a07-a40a-f27d6d44cdc9___GHLB2 Leaf 9002.JPG,GHLB2 Leaf 9002,tomato_Late blight,tomato_Late blight,0.99423176,True,Correct Late Blight,117.20072937011719,19.166951125811067,34.22438049316406,433.08305476396345,1.0
100a5029-a6c0-4a07-a40a-f27d6d44cdc9___GHLB2 Leaf 9002_final_masked.jpg,GHLB2 Leaf 9002,tomato_Late blight,tomato_Late blight,0.9078759,True,Correct Late Blight,24.268295288085938,49.66968030684211,44.374053955078125,326.39141845703125,0.208099365234375
920f60f5-6435-427f-a855-5e66552dd8b9___GHLB2 Leaf 9020_final_masked.jpg,GHLB2 Leaf 9020,tomato_Late blight,tomato_Late blight,0.9934189,True,Correct Late Blight,10.222488403320312,34.95524763767759,19.197723388671875,179.09744262695312,0.0846710205078125
bc99db20-93a1-4a18-b268-339be33c0c63___GHLB2 Leaf 9024_final_masked.jpg,GHLB2 Leaf 9024,tomato_Late blight,tomato_Late blight,0.99953735,True,Correct Late Blight,40.13938903808594,64.74412264641231,53.28361511230469,559.0184630891308,0.2941131591796875
73ef196e-eeb9-4fe6-93fe-d7c5d879c455___GHLB2 Leaf 9027_final_masked.jpg,GHLB2 Leaf 9027,tomato_Late blight,tomato_Late blight,0.9976794,True,Correct Late Blight,32.344390869140625,55.272732589653096,60.2650146484375,480.3501203691121,0.28155517578125
c0267369-b9ec-471e-b8a2-9aa3fc77b3c1___GHLB2 Leaf 9028_final_masked.jpg,GHLB2 Leaf 9028,tomato_Late blight,tomato_Late blight,0.9999784,True,Correct Late Blight,21.418258666992188,54.405209498280065,28.6976318359375,266.0532531738281,0.1428375244140625
bbb807e9-9eef-4220-bbcd-9663542c0d4e___GHLB2 Leaf 9035_final_masked.jpg,GHLB2 Leaf 9035,tomato_Late blight,tomato_Late blight,0.99769235,True,Correct Late Blight,31.800216674804688,54.77392267807622,50.12553405761719,291.71087646484375,0.2628173828125
1e55a2c0-6618-4c42-93a6-cfc8a9d5ca77___GHLB2 Leaf 9039.JPG,GHLB2 Leaf 9039,tomato_Late blight,tomato_Late blight,0.99939156,True,Correct Late Blight,124.68794250488281,26.29600609225517,39.58665466308594,856.1709288423881,1.0
1e55a2c0-6618-4c42-93a6-cfc8a9d5ca77___GHLB2 Leaf 9039_final_masked.jpg,GHLB2 Leaf 9039,tomato_Late blight,tomato_Late blight,0.9997173,True,Correct Late Blight,23.509170532226562,43.79949148370808,48.43772888183594,202.69024658203125,0.23358154296875
d3d532b0-4927-4818-a12c-709ce0134435___GHLB2 Leaf 9051_final_masked.jpg,GHLB2 Leaf 9051,tomato_Late blight,tomato_Late blight,0.9975491,True,Correct Late Blight,30.486114501953125,52.72624551982411,50.65174865722656,355.239501953125,0.27142333984375
29eb16c9-e283-46f3-b373-4cfb2cd511d2___GHLB2 Leaf 9055.JPG,GHLB2 Leaf 9055,tomato_Late blight,tomato_Late blight,0.9999279,True,Correct Late Blight,123.63725280761719,21.05742148406177,39.23176574707031,576.6891200756654,0.999969482421875
29eb16c9-e283-46f3-b373-4cfb2cd511d2___GHLB2 Leaf 9055_final_masked.jpg,GHLB2 Leaf 9055,tomato_Late blight,tomato_Late blight,0.99995637,True,Correct Late Blight,25.83209228515625,48.93878840065716,45.64405822753906,180.63296508789062,0.2262420654296875
1f73406a-14e8-4be2-8450-9379d4f9b2b5___GHLB2 Leaf 9062.JPG,GHLB2 Leaf 9062,tomato_Late blight,tomato_Late blight,0.9950283,True,Correct Late Blight,122.19366455078125,26.061399883083592,33.78843688964844,464.0119096925482,0.9999847412109375
1f73406a-14e8-4be2-8450-9379d4f9b2b5___GHLB2 Leaf 9062_final_masked.jpg,GHLB2 Leaf 9062,tomato_Late blight,tomato_Late blight,0.9906645,True,Correct Late Blight,23.512847900390625,48.242839567656006,41.01690673828125,131.36392211914062,0.2030792236328125
c873c09b-f3b9-466c-bd1d-dc069eefde79___GHLB2 Leaf 9063_final_masked.jpg,GHLB2 Leaf 9063,tomato_Late blight,tomato_Late blight,0.99754214,True,Correct Late Blight,21.569412231445312,44.46835543470352,41.3494873046875,161.09881591796875,0.199737548828125
757868c3-554d-4d29-bec3-fee3d8200c38___GHLB2 Leaf 9080_final_masked.jpg,GHLB2 Leaf 9080,tomato_Late blight,tomato_Late blight,0.9971482,True,Correct Late Blight,31.948226928710938,56.27304884413255,48.956146240234375,179.16049194335938,0.254974365234375
2485b2a9-a492-4a45-bb4b-bb63edefb7ef___GHLB2 Leaf 9084.JPG,GHLB2 Leaf 9084,tomato_Late blight,tomato_Late blight,0.9466579,True,Correct Late Blight,111.86045837402344,25.006353224661407,53.132415771484375,909.6418046259787,1.0
2485b2a9-a492-4a45-bb4b-bb63edefb7ef___GHLB2 Leaf 9084_final_masked.jpg,GHLB2 Leaf 9084,tomato_Late blight,tomato_Late blight,0.9971052,True,Correct Late Blight,28.62713623046875,43.03896548196539,63.202667236328125,181.71771240234375,0.3184051513671875
aa5e6a40-afc1-47e5-80a3-e41fb9e5a40b___GHLB2 Leaf 9085_final_masked.jpg,GHLB2 Leaf 9085,tomato_Late blight,tomato_Late blight,0.99769646,True,Correct Late Blight,26.200042724609375,42.16154537254653,60.02497863769531,265.32000732421875,0.29058837890625
f3b38383-f6ff-4779-a57a-fd1766721555___GHLB2 Leaf 9088_final_masked.jpg,GHLB2 Leaf 9088,tomato_Late blight,tomato_Late blight,0.98349345,True,Correct Late Blight,26.941253662109375,57.97327041666126,37.47096252441406,522.7245178222656,0.19281005859375
9c274db5-2f89-4f3c-b9e2-4d5ebc54ddad___GHLB2 Leaf 9096_final_masked.jpg,GHLB2 Leaf 9096,tomato_Late blight,tomato_Late blight,0.95912874,True,Correct Late Blight,22.157699584960938,45.31628135737342,39.97442626953125,348.9849853059277,0.2039947509765625
4f4ae955-8ed2-4eae-b013-bc26ae5e91b0___GHLB2 Leaf 91.JPG,GHLB2 Leaf 91,tomato_Late blight,tomato_Late blight,0.970335,True,Correct Late Blight,124.94132995605469,17.385692973104206,0.0,645.4006324165966,1.0
4f4ae955-8ed2-4eae-b013-bc26ae5e91b0___GHLB2 Leaf 91_final_masked.jpg,GHLB2 Leaf 91,tomato_Late blight,tomato_Late blight,0.9956251,True,Correct Late Blight,59.20721435546875,67.89801770706401,76.42147827148438,334.04336599982344,0.4457550048828125
26c09416-7271-4262-9ddc-fb741bedce05___GHLB2 Leaf 97.1.JPG,GHLB2 Leaf 97.1,tomato_Late blight,tomato_Late blight,0.794827,True,Correct Late Blight,113.16036987304688,28.326188106183047,40.729278564453125,1373.265106558567,1.0
26c09416-7271-4262-9ddc-fb741bedce05___GHLB2 Leaf 97.1_final_masked.jpg,GHLB2 Leaf 97.1,tomato_Late blight,tomato_Late blight,0.8257619,True,Correct Late Blight,43.87397766113281,70.55755086258701,56.056610107421875,275.2095303228125,0.289215087890625
d69cda61-f13d-4d73-9a4b-ac0e7c386389___GHLB2 Leaf 98_final_masked.jpg,GHLB2 Leaf 98,tomato_Late blight,tomato_Late blight,0.99869543,True,Correct Late Blight,52.57151794433594,73.72185005455873,63.361083984375,454.0587065657601,0.3516387939453125
bec2da2e-5c4d-4248-9518-92667847aa7c___GHLB2 Leaf 99.1_final_masked.jpg,GHLB2 Leaf 99.1,tomato_Late blight,tomato_Late blight,0.9977187,True,Correct Late Blight,43.26066589355469,59.858446104251406,76.12979125976562,256.7117531092372,0.3606719970703125
7eb30afe-7975-487a-8dd2-bf72634967a8___GHLB2ES Leaf 136.1_final_masked.jpg,GHLB2ES Leaf 136.1,tomato_Late blight,tomato_Early blight,0.46685737,False,Late Blight -> Early Blight,61.85960388183594,69.73368061698679,87.01617431640625,499.96507674083114,0.457183837890625
9b4df340-b1bf-4294-a275-1bc0d9b64ff6___GHLB2ES Leaf 138.1_final_masked.jpg,GHLB2ES Leaf 138.1,tomato_Late blight,tomato_Late blight,0.7183149,True,Correct Late Blight,45.70997619628906,68.0420192052403,64.27720642089844,575.4896392819937,0.325958251953125
09590524-981f-4dc5-b6e3-5225a0c48019___GHLB2ES Leaf 140.JPG,GHLB2ES Leaf 140,tomato_Late blight,tomato_Late blight,0.83686435,True,Correct Late Blight,131.41375732421875,41.094121789474215,58.51774597167969,744.51208669669,0.9999847412109375
09590524-981f-4dc5-b6e3-5225a0c48019___GHLB2ES Leaf 140_final_masked.jpg,GHLB2ES Leaf 140,tomato_Late blight,tomato_healthy,0.75954527,False,Late Blight -> Healthy,63.87994384765625,71.38833193267412,75.51023864746094,549.6372958121356,0.482635498046875
10019e40-277e-4d69-8dee-8c034a3752a1___GHLB2ES Leaf 62.JPG,GHLB2ES Leaf 62,tomato_Late blight,tomato_Late blight,0.84268296,True,Correct Late Blight,114.5455322265625,20.94927597500427,35.65191650390625,1097.9541909694672,0.9999847412109375
10019e40-277e-4d69-8dee-8c034a3752a1___GHLB2ES Leaf 62_final_masked.jpg,GHLB2ES Leaf 62,tomato_Late blight,tomato_Late blight,0.9746007,True,Correct Late Blight,34.011688232421875,59.0699013951809,50.186767578125,802.9730712191667,0.270233154296875
830c33b8-d419-4fb7-98f8-08387e726648___GHLB_PS Leaf 1.5 Day 16_final_masked.jpg,GHLB_PS Leaf 1.5,tomato_Late blight,tomato_Late blight,0.9999738,True,Correct Late Blight,26.092880249023438,46.96020732871631,44.102142333984375,243.36228942661546,0.2623748779296875
b2a9abfe-731d-4143-a534-158a4aea4dd1___GHLB_PS Leaf 1.5 Day 13_final_masked.jpg,GHLB_PS Leaf 1.5,tomato_Late blight,tomato_Late blight,0.99644804,True,Correct Late Blight,27.587661743164062,31.81131534030783,71.05795288085938,151.81429969123565,0.42279052734375
de2e16e8-b372-4d2e-ab3b-30b21c30faa7___GHLB_PS Leaf 1.5 Day 18_final_masked.jpg,GHLB_PS Leaf 1.5,tomato_Late blight,tomato_Late blight,0.9997241,True,Correct Late Blight,32.870361328125,38.3934485787084,66.34341430664062,192.44779945886694,0.4120635986328125
86992828-48ea-428c-bb7d-0c89365314b9___GHLB_PS Leaf 18.2 Day 8_final_masked.jpg,GHLB_PS Leaf 18.2,tomato_Late blight,tomato_Late blight,0.99262565,True,Correct Late Blight,41.32249450683594,44.345570105606974,62.89826965332031,208.47238159179688,0.4529266357421875
10bdda57-bfe5-4403-a4c6-a1211d4f348e___GHLB_PS Leaf 20 Day 8.jpg,GHLB_PS Leaf 20,tomato_Late blight,tomato_Late blight,0.9999801,True,Correct Late Blight,27.253707885742188,40.87452265357169,46.09208679199219,86.51544189453125,0.2703094482421875
10bdda57-bfe5-4403-a4c6-a1211d4f348e___GHLB_PS Leaf 20 Day 8_final_masked.jpg,GHLB_PS Leaf 20,tomato_Late blight,tomato_Late blight,0.9999771,True,Correct Late Blight,27.28955078125,40.896807342074574,45.60270690917969,81.75933837890625,0.27081298828125
7725973d-b1dd-4da4-abc9-2cc0cc247485___GHLB_PS Leaf 23.3 Day 9_final_masked.jpg,GHLB_PS Leaf 23.3,tomato_Late blight,tomato_Late blight,0.9368956,True,Correct Late Blight,55.146392822265625,60.93030675533968,78.28317260742188,927.9478758834302,0.4719085693359375
98586693-fe1f-4ea0-8e27-4501b61cf09b___GHLB_PS Leaf 23.5 Day 13_final_masked.jpg,GHLB_PS Leaf 23.5,tomato_Late blight,tomato_Late blight,0.99998975,True,Correct Late Blight,12.641830444335938,25.807032469785128,45.903778076171875,120.8186187685933,0.2078094482421875
4b115bc3-911c-4e98-b948-a6a360f06a87___GHLB_PS Leaf 25 Day 9.jpg,GHLB_PS Leaf 25,tomato_Late blight,tomato_Late blight,0.99989605,True,Correct Late Blight,16.662673950195312,39.008115996571064,0.0,394.7705078125,0.1809539794921875
4b115bc3-911c-4e98-b948-a6a360f06a87___GHLB_PS Leaf 25 Day 9_final_masked.jpg,GHLB_PS Leaf 25,tomato_Late blight,tomato_Late blight,0.9995365,True,Correct Late Blight,16.724044799804688,38.99776087474878,43.29420471191406,271.5236511230469,0.1815185546875
860b6c56-686a-4f21-8ae3-d7e45acd760b___GHLB_PS Leaf 25 Day 16_final_masked.jpg,GHLB_PS Leaf 25,tomato_Late blight,tomato_Late blight,0.9913049,True,Correct Late Blight,12.92779541015625,23.780004024996423,38.96533203125,99.70736694335938,0.1786651611328125
e8c3e15e-99ae-4c47-9d27-4d94c2b96e8a___GHLB_PS Leaf 26.3 Day 13_final_masked.jpg,GHLB_PS Leaf 26.3,tomato_Late blight,tomato_Late blight,0.99995124,True,Correct Late Blight,20.143203735351562,40.296108781729416,45.814849853515625,278.99308770126663,0.2162017822265625
e03a5780-cd8e-431e-8497-4d1233c793d2___GHLB_PS Leaf 28.1 Day 13_final_masked.jpg,GHLB_PS Leaf 28.1,tomato_Late blight,tomato_Late blight,0.9784856,True,Correct Late Blight,58.042327880859375,54.29655330705885,115.69377136230469,174.5920918022748,0.591217041015625
5916c8e5-c9d2-4bc5-b5e7-8812caf890aa___GHLB_PS Leaf 29 Day 12_final_masked.jpg,GHLB_PS Leaf 29,tomato_Late blight,tomato_Late blight,0.9989009,True,Correct Late Blight,31.2882080078125,52.9588475267266,47.290924072265625,550.774658203125,0.30023193359375
77730acc-705a-4b8f-8e3a-dc70bd348d40___GHLB_PS Leaf 32 Day 13_final_masked.jpg,GHLB_PS Leaf 32,tomato_Late blight,tomato_Late blight,0.99706954,True,Correct Late Blight,31.442977905273438,53.432297825129055,43.66645812988281,237.4303130430635,0.2789459228515625
f66ada20-cd47-4393-b7c6-87f1f39fd741___GHLB_PS Leaf 41.1 Day 18_final_masked.jpg,GHLB_PS Leaf 41.1,tomato_Late blight,tomato_Late blight,0.9998275,True,Correct Late Blight,30.979400634765625,54.999892659981725,41.47734069824219,188.78546142578125,0.22528076171875
b2f89c9a-820c-4a8b-a6dd-bb0adab42757___GHLB_PS Leaf 44.1 Day 18_final_masked.jpg,GHLB_PS Leaf 44.1,tomato_Late blight,tomato_Late blight,0.9801277,True,Correct Late Blight,33.647003173828125,47.82113410275341,67.78285217285156,194.6352996432688,0.3389892578125
fe20bf11-9be6-480c-8c99-b7b391ac9653___GHLB_PS Leaf 44.2 Day 18_final_masked.jpg,GHLB_PS Leaf 44.2,tomato_Late blight,tomato_Late blight,0.9994124,True,Correct Late Blight,34.512908935546875,49.48634120324114,61.49955749511719,148.74163818266243,0.3288116455078125
1bfebfc9-3eda-4889-bdb1-75a8929a1b4f___GHLB_PS Leaf 48 Day 18.jpg,GHLB_PS Leaf 48,tomato_Late blight,tomato_Late blight,0.99907047,True,Correct Late Blight,31.086074829101562,56.10956338458495,62.10914611816406,253.36538696289062,0.297943115234375
1bfebfc9-3eda-4889-bdb1-75a8929a1b4f___GHLB_PS Leaf 48 Day 18_final_masked.jpg,GHLB_PS Leaf 48,tomato_Late blight,tomato_Late blight,0.9995005,True,Correct Late Blight,31.012161254882812,56.05560965425606,62.15806579589844,218.8292236328125,0.2967376708984375
ea0c20e8-ad9f-48a0-830c-280dbeeed370___GHLB_PS Leaf 48.1 Day 18_final_masked.jpg,GHLB_PS Leaf 48.1,tomato_Late blight,tomato_Late blight,0.99911433,True,Correct Late Blight,26.33966064453125,57.85432544703735,41.740631103515625,363.2010498046875,0.20074462890625
f843c76c-a7d4-4031-abe2-9245602fbb15___GHLB_PS Leaf 49.1 Day 18_final_masked.jpg,GHLB_PS Leaf 49.1,tomato_Late blight,tomato_Late blight,0.9970071,True,Correct Late Blight,53.2891845703125,60.6972408785013,73.52500915527344,383.9351589118596,0.45599365234375
d674cbf6-0cdc-407a-97ea-c3f53f2c51e4___GH_HL Leaf 170_final_masked.jpg,GH_HL Leaf 170,tomato_Late blight,tomato_healthy,0.9798498,False,Late Blight -> Healthy,32.76275634765625,54.751279401167025,36.665496826171875,239.31494140625,0.2729034423828125
1546f916-115c-42dc-90c7-ff8d53c4273f___RS_Late.B 4836.JPG,RS_Late.B 4836,tomato_Late blight,tomato_Late blight,0.73714024,True,Correct Late Blight,106.81866455078125,45.90777182503232,77.12211608886719,5452.316693696892,0.9973602294921875
1546f916-115c-42dc-90c7-ff8d53c4273f___RS_Late.B 4836_final_masked.jpg,RS_Late.B 4836,tomato_Late blight,tomato_Late blight,0.6574167,True,Correct Late Blight,47.62428283691406,57.423765343604785,76.93338012695312,927.9308926591184,0.4582977294921875
6e45480a-127e-4173-9402-7b724728a139___RS_Late.B 4837_final_masked.jpg,RS_Late.B 4837,tomato_Late blight,tomato_Late blight,0.92223847,True,Correct Late Blight,52.1170654296875,56.0190661362971,91.13369750976562,720.4841765684541,0.54180908203125
60bdbf17-c59d-48de-bfc1-a6c0bda17a9e___RS_Late.B 4840_final_masked.jpg,RS_Late.B 4840,tomato_Late blight,tomato_Late blight,0.9406961,True,Correct Late Blight,44.69091796875,51.738609827308,93.90589904785156,627.9254369735718,0.5158538818359375
d029a830-f39c-4668-b413-45b69e2b3640___RS_Late.B 4841_final_masked.jpg,RS_Late.B 4841,tomato_Late blight,tomato_Late blight,0.9671924,True,Correct Late Blight,45.1751708984375,52.25029510532779,81.544921875,623.4017790516373,0.4875640869140625
ba98d073-d05a-4dfd-ae35-3f1fda2c3110___RS_Late.B 4843_final_masked.jpg,RS_Late.B 4843,tomato_Late blight,tomato_Early blight,0.5253778,False,Late Blight -> Early Blight,49.77433776855469,53.58160475330256,70.92977905273438,1072.951668586582,0.515289306640625
7a48f790-80f5-4d75-bd49-3c42e8c92fb6___RS_Late.B 4844_final_masked.jpg,RS_Late.B 4844,tomato_Late blight,tomato_healthy,0.92550033,False,Late Blight -> Healthy,35.03831481933594,44.78914542026393,65.2506103515625,746.0677462061867,0.431549072265625
c2807026-8e9e-4710-b475-5411a3c69d68___RS_Late.B 4853_final_masked.jpg,RS_Late.B 4853,tomato_Late blight,tomato_Late blight,0.7868134,True,Correct Late Blight,32.6500244140625,50.916269264641556,66.91084289550781,651.7738799375948,0.353424072265625
8553094b-3e19-4e4c-8ba1-49e98ff135e9___RS_Late.B 4869_final_masked.jpg,RS_Late.B 4869,tomato_Late blight,tomato_Late blight,0.80944514,True,Correct Late Blight,49.54646301269531,64.8407254707052,71.06974792480469,662.0727232759818,0.419158935546875
6c9c73fa-5c8d-40ce-9221-a600908bff33___RS_Late.B 4893_final_masked.jpg,RS_Late.B 4893,tomato_Late blight,tomato_Late blight,0.9773008,True,Correct Late Blight,39.540130615234375,55.91397987438469,58.71574401855469,938.9017400741577,0.3806915283203125
8fa3a59d-3e37-4b30-bdf7-35979c324626___RS_Late.B 4907_final_masked.jpg,RS_Late.B 4907,tomato_Late blight,tomato_Late blight,0.8520795,True,Correct Late Blight,40.779510498046875,48.84622819513547,77.74269104003906,721.9840169316158,0.4566802978515625
c8e70ac1-1fbc-496d-a6eb-954ef48d4f56___RS_Late.B 4932_final_masked.jpg,RS_Late.B 4932,tomato_Late blight,tomato_Early blight,0.51873535,False,Late Blight -> Early Blight,42.333740234375,47.92985215971005,74.88861083984375,477.11207181192003,0.4725189208984375
5fdf3288-d5f4-4c70-9b12-95222b82d415___RS_Late.B 4942_final_masked.jpg,RS_Late.B 4942,tomato_Late blight,tomato_Late blight,0.9573253,True,Correct Late Blight,42.525177001953125,55.29226165461352,63.23870849609375,674.1029205208179,0.4264984130859375
bceafbf0-d268-4ab1-b505-5a45c2fd0239___RS_Late.B 4953_final_masked.jpg,RS_Late.B 4953,tomato_Late blight,tomato_Late blight,0.935032,True,Correct Late Blight,29.029220581054688,43.331015331837264,62.37005615234375,709.6414947488811,0.354888916015625
993a04d9-3bfe-4cd2-8f89-981a0bb2405c___RS_Late.B 4956_final_masked.jpg,RS_Late.B 4956,tomato_Late blight,tomato_Late blight,0.7881609,True,Correct Late Blight,28.406494140625,45.776583092589796,61.83482360839844,607.7264251650777,0.3064422607421875
dc2ac355-9488-4cc0-8762-d61ab62f99bd___RS_Late.B 4968_final_masked.jpg,RS_Late.B 4968,tomato_Late blight,tomato_Late blight,0.91271615,True,Correct Late Blight,37.96321105957031,55.52252816430894,66.02586364746094,736.2029113313183,0.3650054931640625
00ce4c63-9913-4b16-898c-29f99acf0dc3___RS_Late.B 4982.JPG,RS_Late.B 4982,tomato_Late blight,tomato_Late blight,0.81584907,True,Correct Late Blight,142.7924346923828,42.232563730208014,64.44061279296875,1897.5119706892874,0.9995269775390625
00ce4c63-9913-4b16-898c-29f99acf0dc3___RS_Late.B 4982_final_masked.jpg,RS_Late.B 4982,tomato_Late blight,tomato_Late blight,0.8709468,True,Correct Late Blight,46.90704345703125,63.991596589179515,62.92066955566406,741.6875299811363,0.383209228515625
bf6cc0d5-0c8c-4a49-80d1-970c3e691073___RS_Late.B 4987_final_masked.jpg,RS_Late.B 4987,tomato_Late blight,tomato_Late blight,0.6529169,True,Correct Late Blight,28.340774536132812,43.44625594681984,63.916107177734375,684.2799987783656,0.3544921875
bb29cc81-e986-4946-8267-a12f0b1b15de___RS_Late.B 5000_final_masked.jpg,RS_Late.B 5000,tomato_Late blight,tomato_Late blight,0.99728835,True,Correct Late Blight,49.40589904785156,54.260287481718116,67.91435241699219,678.9269053970929,0.4812164306640625
e798b45b-9267-4cc7-a459-808f9944fd49___RS_Late.B 5003_final_masked.jpg,RS_Late.B 5003,tomato_Late blight,tomato_Late blight,0.981075,True,Correct Late Blight,36.776458740234375,49.484971529090224,61.51802062988281,873.2893524055835,0.3855438232421875
86a3f3b6-660b-4711-b509-4654d0b5c2fa___RS_Late.B 5007_final_masked.jpg,RS_Late.B 5007,tomato_Late blight,tomato_Late blight,0.9626765,True,Correct Late Blight,26.839019775390625,43.64978856102252,60.07630920410156,854.6955261193216,0.3102874755859375
8dff4125-96c2-44fc-bd3f-734fa57621ba___RS_Late.B 5025_final_masked.jpg,RS_Late.B 5025,tomato_Late blight,tomato_Late blight,0.8095021,True,Correct Late Blight,43.393585205078125,47.4141654602484,74.90911865234375,558.967803879641,0.4936065673828125
b9acddbe-1fc4-44a8-9802-91f0d9f57e22___RS_Late.B 5026_final_masked.jpg,RS_Late.B 5026,tomato_Late blight,tomato_Late blight,0.95084864,True,Correct Late Blight,38.735870361328125,52.292002160258754,56.23091125488281,568.8899536123499,0.388275146484375
7f847477-1111-4f20-9de5-56153bee415b___RS_Late.B 5049_final_masked.jpg,RS_Late.B 5049,tomato_Late blight,tomato_Early blight,0.5268925,False,Late Blight -> Early Blight,20.642318725585938,34.03321620409685,67.6322021484375,309.4039001427591,0.3034820556640625
7dac72d7-cd87-4d92-8ee0-e6b52c115558___RS_Late.B 5053_final_masked.jpg,RS_Late.B 5053,tomato_Late blight,tomato_Late blight,0.9656884,True,Correct Late Blight,48.63496398925781,55.957355644172466,85.97320556640625,631.6274260447826,0.4857177734375
35a4883c-bef7-4465-b136-a7465a0752de___RS_Late.B 5054.JPG,RS_Late.B 5054,tomato_Late blight,tomato_Early blight,0.8314014,False,Late Blight -> Early Blight,91.696044921875,49.287586909596506,86.79588317871094,2079.923662199639,0.96112060546875
35a4883c-bef7-4465-b136-a7465a0752de___RS_Late.B 5054_final_masked.jpg,RS_Late.B 5054,tomato_Late blight,tomato_Early blight,0.526237,False,Late Blight -> Early Blight,49.495574951171875,55.51982693427206,94.1109619140625,904.4652137374505,0.5254669189453125
c3dc2bc8-bf20-4cc6-8601-420f43555bc5___RS_Late.B 5056_final_masked.jpg,RS_Late.B 5056,tomato_Late blight,tomato_Late blight,0.9806717,True,Correct Late Blight,26.063720703125,37.161182976842916,60.539764404296875,357.15631103515625,0.36181640625
9bb49d22-976d-40c3-bc9a-bff5cbbd8e28___RS_Late.B 5057_final_masked.jpg,RS_Late.B 5057,tomato_Late blight,tomato_Late blight,0.987148,True,Correct Late Blight,26.781997680664062,41.5570658455679,55.54304504394531,482.4115295410156,0.3133392333984375
a9b6997c-b2bd-4938-aa5f-492ae0cc8431___RS_Late.B 5063_final_masked.jpg,RS_Late.B 5063,tomato_Late blight,tomato_Early blight,0.5462707,False,Late Blight -> Early Blight,29.27642822265625,49.409210518078005,51.72862243652344,785.4788818322122,0.307708740234375
94c26dee-30cd-4033-9009-4851daa1e00b___RS_Late.B 5068_final_masked.jpg,RS_Late.B 5068,tomato_Late blight,tomato_Late blight,0.9908766,True,Correct Late Blight,27.648406982421875,41.89223580426412,59.010711669921875,488.5200042722281,0.345703125
e3c4a4e5-4ec3-404f-8dbd-7de9dd3f184a___RS_Late.B 5073_final_masked.jpg,RS_Late.B 5073,tomato_Late blight,tomato_Early blight,0.4673793,False,Late Blight -> Early Blight,47.07118225097656,57.10760098652174,64.08270263671875,954.0390618981328,0.4689483642578125
2482cadb-d097-4091-8b10-099abca71a72___RS_Late.B 5078.JPG,RS_Late.B 5078,tomato_Late blight,tomato_Late blight,0.83689445,True,Correct Late Blight,126.38093566894531,60.249894257261914,59.32521057128906,4492.161196248373,0.9655609130859375
2482cadb-d097-4091-8b10-099abca71a72___RS_Late.B 5078_final_masked.jpg,RS_Late.B 5078,tomato_Late blight,tomato_Late blight,0.9926408,True,Correct Late Blight,41.90776062011719,56.49585639990523,63.64573669433594,776.8762739335652,0.3889923095703125
e96512ac-0b63-4476-b7cf-aca6ca084853___RS_Late.B 5082_final_masked.jpg,RS_Late.B 5082,tomato_Late blight,tomato_Late blight,0.97158754,True,Correct Late Blight,21.066314697265625,39.75771113930866,56.25254821777344,562.758987420937,0.2518768310546875
98d99dcc-6922-4b11-9b64-7e75440da1a8___RS_Late.B 5095_final_masked.jpg,RS_Late.B 5095,tomato_Late blight,tomato_Late blight,0.82480156,True,Correct Late Blight,43.378570556640625,46.074822925592024,63.433929443359375,1196.8497466647532,0.5101470947265625
005a2c1f-4e15-49e4-9e5c-61dc3ecf9708___RS_Late.B 5096.JPG,RS_Late.B 5096,tomato_Late blight,tomato_Late blight,0.92376333,True,Correct Late Blight,109.04722595214844,52.88017559081199,65.62071228027344,7125.247125387192,0.9600830078125
005a2c1f-4e15-49e4-9e5c-61dc3ecf9708___RS_Late.B 5096_final_masked.jpg,RS_Late.B 5096,tomato_Late blight,tomato_Late blight,0.92302954,True,Correct Late Blight,34.638153076171875,42.63737655564489,57.370025634765625,1354.9364317916334,0.4380950927734375
72e49321-5eeb-4669-9641-0e9146da9159___RS_Late.B 5102_final_masked.jpg,RS_Late.B 5102,tomato_Late blight,tomato_Late blight,0.98746383,True,Correct Late Blight,39.48121643066406,48.98577719244869,70.48284912109375,796.4936675967183,0.451171875
a647b254-deb0-427d-89e4-05eedfeeffea___RS_Late.B 5106_final_masked.jpg,RS_Late.B 5106,tomato_Late blight,tomato_Late blight,0.6581686,True,Correct Late Blight,26.3116455078125,43.071657834595,67.05319213867188,461.6578826715704,0.3381805419921875
20b33342-6c05-4cab-9008-6f09548a0db9___RS_Late.B 5128.JPG,RS_Late.B 5128,tomato_Late blight,tomato_Late blight,0.9730061,True,Correct Late Blight,130.15151977539062,68.49505323478894,55.281646728515625,4360.305666642031,0.9637908935546875
20b33342-6c05-4cab-9008-6f09548a0db9___RS_Late.B 5128_final_masked.jpg,RS_Late.B 5128,tomato_Late blight,tomato_Late blight,0.9192059,True,Correct Late Blight,26.2152099609375,42.99789258161175,60.89634704589844,489.54676817706786,0.298736572265625
240b17f3-2b2b-4ff4-add7-4ba2975f4837___RS_Late.B 5130.JPG,RS_Late.B 5130,tomato_Late blight,tomato_Late blight,0.8333791,True,Correct Late Blight,104.35072326660156,55.83533896464415,65.27975463867188,4814.395522260806,0.9413909912109375
240b17f3-2b2b-4ff4-add7-4ba2975f4837___RS_Late.B 5130_final_masked.jpg,RS_Late.B 5130,tomato_Late blight,tomato_Late blight,0.5980348,True,Correct Late Blight,25.605026245117188,36.25815824153117,67.80372619628906,792.6614532412495,0.371917724609375
5c5a2e9e-e460-403e-9d8a-f961b1f10935___RS_Late.B 5133_final_masked.jpg,RS_Late.B 5133,tomato_Late blight,tomato_Late blight,0.942556,True,Correct Late Blight,21.944793701171875,39.73214728896872,49.28691101074219,919.0387573242188,0.268096923828125
44e96c62-48e6-454c-bab5-c34569deb2a5___RS_Late.B 5162.JPG,RS_Late.B 5162,tomato_Late blight,tomato_Late blight,0.96197766,True,Correct Late Blight,113.34184265136719,43.83173320623368,51.10310363769531,2650.171220793389,0.996337890625
44e96c62-48e6-454c-bab5-c34569deb2a5___RS_Late.B 5162_final_masked.jpg,RS_Late.B 5162,tomato_Late blight,tomato_Late blight,0.9818464,True,Correct Late Blight,45.25445556640625,56.672094800041414,55.7747802734375,744.1921996613964,0.4325103759765625
777d1460-e356-4b0a-9fb2-cd0931146c5b___RS_Late.B 5190_final_masked.jpg,RS_Late.B 5190,tomato_Late blight,tomato_Late blight,0.9637086,True,Correct Late Blight,28.17059326171875,49.701776761712324,61.505859375,783.1469116061926,0.286529541015625
b45f36d3-b367-4c96-9e4d-a8da7c8c584d___RS_Late.B 5195_final_masked.jpg,RS_Late.B 5195,tomato_Late blight,tomato_Late blight,0.93463427,True,Correct Late Blight,30.696670532226562,50.87160637914171,64.04658508300781,1577.088043179363,0.312408447265625
136d79a3-4eea-4415-9f3e-0ccb61d7aeef___RS_Late.B 5216.JPG,RS_Late.B 5216,tomato_Late blight,tomato_Late blight,0.6430627,True,Correct Late Blight,107.80841064453125,47.69157540706674,50.85585021972656,2245.4874138401356,0.9867401123046875
136d79a3-4eea-4415-9f3e-0ccb61d7aeef___RS_Late.B 5216_final_masked.jpg,RS_Late.B 5216,tomato_Late blight,tomato_Late blight,0.9763241,True,Correct Late Blight,32.7333984375,55.058411523274515,56.99787902832031,1138.694534295937,0.30426025390625
c91400cf-83f0-4472-9504-3234ccecf65c___RS_Late.B 5218_final_masked.jpg,RS_Late.B 5218,tomato_Late blight,tomato_Late blight,0.97593904,True,Correct Late Blight,42.68382263183594,60.818879876446026,63.978729248046875,1443.2778014987707,0.3809967041015625
e6636324-6e8e-4981-8bb7-5deafced5fbd___RS_Late.B 5228_final_masked.jpg,RS_Late.B 5228,tomato_Late blight,tomato_Late blight,0.89045143,True,Correct Late Blight,30.436737060546875,49.51926112297846,59.343017578125,614.0632019033656,0.308349609375
18568211-18d7-453f-84a4-d22e2088ec33___RS_Late.B 5239.JPG,RS_Late.B 5239,tomato_Late blight,tomato_Late blight,0.7441301,True,Correct Late Blight,101.78292846679688,42.72286285543968,57.645751953125,2108.4420361183584,0.98736572265625
18568211-18d7-453f-84a4-d22e2088ec33___RS_Late.B 5239_final_masked.jpg,RS_Late.B 5239,tomato_Late blight,tomato_Late blight,0.9743319,True,Correct Late Blight,37.69160461425781,51.650217472125796,63.00047302246094,1037.1068419283256,0.394195556640625
1d6d043a-9df9-49ec-9b0f-e40a8e7f409f___RS_Late.B 5287.JPG,RS_Late.B 5287,tomato_Late blight,tomato_Late blight,0.7111225,True,Correct Late Blight,103.64979553222656,53.68750560717093,106.95779418945312,4089.308279005578,0.9940948486328125
1d6d043a-9df9-49ec-9b0f-e40a8e7f409f___RS_Late.B 5287_final_masked.jpg,RS_Late.B 5287,tomato_Late blight,tomato_Late blight,0.9154656,True,Correct Late Blight,45.363739013671875,63.0434642225964,70.32705688476562,1615.9934233387467,0.3855438232421875
0ba7d3d8-5c4c-4365-ba0c-69f61e96a36e___RS_Late.B 5312.JPG,RS_Late.B 5312,tomato_Late blight,tomato_Late blight,0.9346312,True,Correct Late Blight,114.28965759277344,43.35471125501029,68.62593078613281,5169.404213931179,0.982635498046875
0ba7d3d8-5c4c-4365-ba0c-69f61e96a36e___RS_Late.B 5312_final_masked.jpg,RS_Late.B 5312,tomato_Late blight,tomato_Late blight,0.9896589,True,Correct Late Blight,34.65132141113281,54.23985756081271,44.33642578125,978.3460235313978,0.32684326171875
913a9ecb-2dad-4a37-8e5e-e97a1aa2b8a1___RS_Late.B 5327_final_masked.jpg,RS_Late.B 5327,tomato_Late blight,tomato_Late blight,0.757459,True,Correct Late Blight,49.1641845703125,57.12437113062558,70.08451843261719,1618.2205548249185,0.493408203125
e60c6680-9c50-4063-9eb9-6e77980afcfa___RS_Late.B 5343_final_masked.jpg,RS_Late.B 5343,tomato_Late blight,tomato_Late blight,0.9793458,True,Correct Late Blight,45.4493408203125,53.17313763060678,66.05316162109375,1019.6443229166325,0.483612060546875
6e594cdd-0b3f-41d2-b056-f03819790e8c___RS_Late.B 5348_final_masked.jpg,RS_Late.B 5348,tomato_Late blight,tomato_Late blight,0.9834794,True,Correct Late Blight,40.65083312988281,49.93129572546622,68.697998046875,649.3298026835546,0.4394073486328125
cc822a81-2140-421a-957c-e4ccfa2c0ba5___RS_Late.B 5357_final_masked.jpg,RS_Late.B 5357,tomato_Late blight,tomato_Late blight,0.9417299,True,Correct Late Blight,52.794586181640625,62.68506252845593,62.881591796875,1084.4712366235908,0.46575927734375
df7775b2-73f3-4708-86d5-a56e2bbb3337___RS_Late.B 5378_final_masked.jpg,RS_Late.B 5378,tomato_Late blight,tomato_Late blight,0.46254545,True,Correct Late Blight,39.537841796875,43.369914286463676,67.59393310546875,1380.8173522939906,0.489837646484375
376c3deb-3feb-425b-a6dd-ce0f95b7c763___RS_Late.B 5413.JPG,RS_Late.B 5413,tomato_Late blight,tomato_Late blight,0.6348487,True,Correct Late Blight,89.47633361816406,54.3315282984578,86.89752197265625,3041.566538469633,0.906524658203125
376c3deb-3feb-425b-a6dd-ce0f95b7c763___RS_Late.B 5413_final_masked.jpg,RS_Late.B 5413,tomato_Late blight,tomato_Late blight,0.720161,True,Correct Late Blight,19.373748779296875,38.574635756725385,44.20790100097656,377.89706420805305,0.2259674072265625
598065c7-92a5-4497-849f-4707afb0c282___RS_Late.B 5419_final_masked.jpg,RS_Late.B 5419,tomato_Late blight,tomato_Late blight,0.9818527,True,Correct Late Blight,14.292327880859375,41.886156028824246,42.32481384277344,320.41876220703125,0.121246337890625
16064333-c2da-40e0-9f24-c709191e66b1___RS_Late.B 5421.JPG,RS_Late.B 5421,tomato_Late blight,tomato_Late blight,0.85192925,True,Correct Late Blight,104.53646850585938,44.93095948229074,58.23774719238281,2855.9371043255087,0.972930908203125
16064333-c2da-40e0-9f24-c709191e66b1___RS_Late.B 5421_final_masked.jpg,RS_Late.B 5421,tomato_Late blight,tomato_Late blight,0.74458945,True,Correct Late Blight,26.95465087890625,45.759333961816914,46.740478515625,631.0862121582031,0.2879791259765625
b9b1cf81-a68a-48a5-b3f2-25b45ecc81f7___RS_Late.B 5423_final_masked.jpg,RS_Late.B 5423,tomato_Late blight,tomato_Late blight,0.86652994,True,Correct Late Blight,26.026809692382812,44.1877758910584,47.0201416015625,674.7763519098517,0.2779388427734375
a3bc64bb-72e4-421b-8233-04ca788f6fe3___RS_Late.B 5450_final_masked.jpg,RS_Late.B 5450,tomato_Late blight,tomato_Late blight,0.8653496,True,Correct Late Blight,26.145660400390625,44.923405464047484,66.15419006347656,249.73513793945312,0.2790069580078125
48246fa8-29ce-4ae2-abc3-586440295cf0___RS_Late.B 5459.JPG,RS_Late.B 5459,tomato_Late blight,tomato_Late blight,0.9632584,True,Correct Late Blight,105.74729919433594,55.16186398344432,0.0,2998.574992052978,0.91998291015625
48246fa8-29ce-4ae2-abc3-586440295cf0___RS_Late.B 5459_final_masked.jpg,RS_Late.B 5459,tomato_Late blight,tomato_Late blight,0.8908131,True,Correct Late Blight,23.600143432617188,45.37549513174602,59.015533447265625,561.1355590810999,0.23712158203125
5a4428ec-59da-40e5-823c-2e5bbb2a1fb6___RS_Late.B 5461_final_masked.jpg,RS_Late.B 5461,tomato_Late blight,tomato_Late blight,0.6906745,True,Correct Late Blight,17.299407958984375,38.97484051293684,48.667633056640625,270.0995025446173,0.182708740234375
d4ac342b-52cf-490f-808f-410d101fcd4b___RS_Late.B 5483_final_masked.jpg,RS_Late.B 5483,tomato_Late blight,tomato_Late blight,0.8532567,True,Correct Late Blight,15.78656005859375,37.76051081208847,36.61138916015625,316.53564453125,0.162109375
c9bcf015-b951-4176-bc2c-d8c067b64c66___RS_Late.B 5489_final_masked.jpg,RS_Late.B 5489,tomato_Late blight,tomato_Late blight,0.6274334,True,Correct Late Blight,23.747528076171875,45.122341865939774,41.703125,800.358459468931,0.237030029296875
4fa3fe36-2c59-4860-be94-508954283149___RS_Late.B 5495.JPG,RS_Late.B 5495,tomato_Late blight,tomato_Late blight,0.8755101,True,Correct Late Blight,115.71719360351562,50.15469971596628,0.0,4702.719680227106,0.9636077880859375
4fa3fe36-2c59-4860-be94-508954283149___RS_Late.B 5495_final_masked.jpg,RS_Late.B 5495,tomato_Late blight,tomato_Late blight,0.9708819,True,Correct Late Blight,26.3123779296875,45.33903604039253,43.11671447753906,853.5737456248607,0.2874908447265625
dbb9fbf0-e196-4730-ac80-859b7dd74188___RS_Late.B 5498_final_masked.jpg,RS_Late.B 5498,tomato_Late blight,tomato_Late blight,0.687756,True,Correct Late Blight,10.86083984375,27.1290552606191,38.98225402832031,460.6724547408521,0.1552276611328125
4780f75c-a79a-47e6-89a0-7ecb5d18876e___RS_Late.B 5499.JPG,RS_Late.B 5499,tomato_Late blight,tomato_Late blight,0.45930117,True,Correct Late Blight,98.51084899902344,54.80698892151411,0.0,3880.5730570470914,0.9124603271484375
4780f75c-a79a-47e6-89a0-7ecb5d18876e___RS_Late.B 5499_final_masked.jpg,RS_Late.B 5499,tomato_Late blight,tomato_Late blight,0.91043484,True,Correct Late Blight,10.007736206054688,26.738268146723282,29.001068115234375,320.8663330078125,0.14227294921875
a4dd9b8a-c4bc-40c2-87f2-686a36789b2c___RS_Late.B 5500_final_masked.jpg,RS_Late.B 5500,tomato_Late blight,tomato_Late blight,0.59419936,True,Correct Late Blight,9.850601196289062,24.764891253767424,36.0262451171875,450.26568603515625,0.15399169921875
29f85d31-a9c2-404a-b7bc-9a5b9cd7aa88___RS_Late.B 5541.JPG,RS_Late.B 5541,tomato_Late blight,tomato_Late blight,0.9746859,True,Correct Late Blight,126.93977355957031,37.465195699036244,49.77729797363281,2145.0177252755966,0.99981689453125
29f85d31-a9c2-404a-b7bc-9a5b9cd7aa88___RS_Late.B 5541_final_masked.jpg,RS_Late.B 5541,tomato_Late blight,tomato_Late blight,0.9662389,True,Correct Late Blight,32.36834716796875,51.90977251652491,46.78407287597656,648.4581909179688,0.3047332763671875
7f4621fe-72ce-4f4c-a20e-320250ec8a9d___RS_Late.B 5556_final_masked.jpg,RS_Late.B 5556,tomato_Late blight,tomato_Late blight,0.9275297,True,Correct Late Blight,31.929656982421875,54.839673008669266,43.389129638671875,585.904296875,0.27264404296875
fcc13483-8986-4424-87cf-c0afc86576a4___RS_Late.B 5565_final_masked.jpg,RS_Late.B 5565,tomato_Late blight,tomato_Late blight,0.90037775,True,Correct Late Blight,22.623947143554688,46.913202397883104,37.008697509765625,446.89146397984587,0.2034759521484375
cdeb7f9d-c0de-4fbd-95a5-fbaaa51460dd___RS_Late.B 5571_final_masked.jpg,RS_Late.B 5571,tomato_Late blight,tomato_Late blight,0.9060108,True,Correct Late Blight,29.0260009765625,45.14982580518202,49.69203186035156,656.7074431979563,0.31671142578125
85d80245-6c80-4bb7-9497-c8612903b535___RS_Late.B 5576_final_masked.jpg,RS_Late.B 5576,tomato_Late blight,tomato_Late blight,0.8881209,True,Correct Late Blight,25.708145141601562,45.92983046961109,47.48521423339844,625.765457134461,0.2605743408203125
44902d94-0273-4f60-ae20-d0ea4b202452___RS_Late.B 5587.JPG,RS_Late.B 5587,tomato_Late blight,tomato_Late blight,0.9610722,True,Correct Late Blight,125.28065490722656,39.01106162346831,58.320892333984375,2512.891665801406,0.9885406494140625
44902d94-0273-4f60-ae20-d0ea4b202452___RS_Late.B 5587_final_masked.jpg,RS_Late.B 5587,tomato_Late blight,tomato_Late blight,0.95645887,True,Correct Late Blight,34.50091552734375,60.496105219430476,48.30720520019531,909.2251434267964,0.299407958984375
8c36f3d7-3aee-4341-8319-449e3f5e6f79___RS_Late.B 5596_final_masked.jpg,RS_Late.B 5596,tomato_Late blight,tomato_Late blight,0.9994469,True,Correct Late Blight,13.876144409179688,36.462125104569196,18.75335693359375,207.04879760742188,0.1365966796875
7616d956-c144-4105-9972-5f747c5159a6___RS_Late.B 5600_final_masked.jpg,RS_Late.B 5600,tomato_Late blight,tomato_Late blight,0.91524494,True,Correct Late Blight,22.082122802734375,47.060906090575585,32.76847839355469,1037.385009765625,0.19573974609375
2edc83c5-b45e-4f4e-ba56-1ff26c33abea___RS_Late.B 5614.JPG,RS_Late.B 5614,tomato_Late blight,tomato_Early blight,0.8072788,False,Late Blight -> Early Blight,110.04008483886719,44.22160811233185,57.75016784667969,3404.55604448705,0.9913482666015625
2edc83c5-b45e-4f4e-ba56-1ff26c33abea___RS_Late.B 5614_final_masked.jpg,RS_Late.B 5614,tomato_Late blight,tomato_Early blight,0.7883979,False,Late Blight -> Early Blight,30.190139770507812,44.06406449258771,62.40950012207031,699.3616943210363,0.36090087890625
addfb0ca-2f18-4ed6-94e9-192ea15bf9e8___RS_Late.B 5616_final_masked.jpg,RS_Late.B 5616,tomato_Late blight,tomato_Late blight,0.7673253,True,Correct Late Blight,23.576339721679688,39.97994722737305,47.22203063964844,574.9005737304688,0.2816619873046875
7609a2a4-654e-4dad-b3e6-1cb4aab89420___RS_Late.B 5633_final_masked.jpg,RS_Late.B 5633,tomato_Late blight,tomato_Late blight,0.99601835,True,Correct Late Blight,15.490432739257812,37.43772865214427,31.53155517578125,372.7805480957031,0.1642303466796875
27616ae1-2960-4aeb-a03b-91607439eaa0___RS_Late.B 5983.JPG,RS_Late.B 5983,tomato_Late blight,tomato_Late blight,0.93786085,True,Correct Late Blight,120.35150146484375,55.09985121307166,78.921142578125,3217.147634474328,0.99774169921875
27616ae1-2960-4aeb-a03b-91607439eaa0___RS_Late.B 5983_final_masked.jpg,RS_Late.B 5983,tomato_Late blight,tomato_Late blight,0.986447,True,Correct Late Blight,30.444580078125,53.64623840666737,80.01274108886719,951.7384948730469,0.304046630859375
98a95140-e62b-4234-b435-914d67d0afb1___RS_Late.B 6027_final_masked.jpg,RS_Late.B 6027,tomato_Late blight,tomato_Late blight,0.9502352,True,Correct Late Blight,52.24626159667969,65.10772025792339,101.88101196289062,1496.4508940500673,0.4904022216796875
cbf0f139-7683-47f8-a107-4180deee217e___RS_Late.B 6029_final_masked.jpg,RS_Late.B 6029,tomato_Late blight,tomato_Late blight,0.87056565,True,Correct Late Blight,46.823333740234375,59.94983821309947,97.35853576660156,1455.6149952672422,0.4491424560546875
07cca2ca-6b0f-4322-8779-beb94bc219b0___RS_Late.B 6037.JPG,RS_Late.B 6037,tomato_Late blight,tomato_Early blight,0.5184965,False,Late Blight -> Early Blight,125.66816711425781,55.22909752985565,64.93035888671875,8065.071408282733,0.9873199462890625
07cca2ca-6b0f-4322-8779-beb94bc219b0___RS_Late.B 6037_final_masked.jpg,RS_Late.B 6037,tomato_Late blight,tomato_Late blight,0.5264649,True,Correct Late Blight,33.00877380371094,49.83365762144598,80.39991760253906,1306.121181606315,0.3800048828125
4c25c41d-6e73-46e6-bf17-f9571fa80733___RS_Late.B 6077.JPG,RS_Late.B 6077,tomato_Late blight,tomato_healthy,0.68813735,False,Late Blight -> Healthy,111.93885803222656,51.22148775825011,0.0,6603.7410513998475,0.962127685546875
4c25c41d-6e73-46e6-bf17-f9571fa80733___RS_Late.B 6077_final_masked.jpg,RS_Late.B 6077,tomato_Late blight,tomato_Late blight,0.8225119,True,Correct Late Blight,44.090850830078125,64.30152733611803,69.80189514160156,946.2023925697431,0.37701416015625
15f05055-2bb1-45f7-8a39-fce071823266___RS_Late.B 6082.JPG,RS_Late.B 6082,tomato_Late blight,tomato_Early blight,0.687004,False,Late Blight -> Early Blight,111.26101684570312,54.3440927007345,69.96736145019531,5574.5613461842295,0.9528045654296875
15f05055-2bb1-45f7-8a39-fce071823266___RS_Late.B 6082_final_masked.jpg,RS_Late.B 6082,tomato_Late blight,tomato_Late blight,0.7250339,True,Correct Late Blight,32.358642578125,53.04197764592681,76.63414001464844,1029.7848042526748,0.3228759765625
048eddf2-6142-4031-b23a-654cc3803d01___RS_Late.B 6097.JPG,RS_Late.B 6097,tomato_Late blight,tomato_Late blight,0.7821352,True,Correct Late Blight,104.67068481445312,61.266321705222886,83.575927734375,6347.798582843505,0.94000244140625
048eddf2-6142-4031-b23a-654cc3803d01___RS_Late.B 6097_final_masked.jpg,RS_Late.B 6097,tomato_Late blight,tomato_Late blight,0.8767785,True,Correct Late Blight,46.8214111328125,63.32784089700732,93.05754089355469,1000.1676177585032,0.415435791015625
739d6880-fbff-462a-a06b-5a95b340f706___RS_Late.B 6101_final_masked.jpg,RS_Late.B 6101,tomato_Late blight,tomato_Late blight,0.98080784,True,Correct Late Blight,45.4852294921875,64.96701688402094,86.23837280273438,1196.4081571528222,0.415863037109375
40de149e-4734-4d63-a34a-7ab34ace1ae5___RS_Late.B 6126.JPG,RS_Late.B 6126,tomato_Late blight,tomato_Late blight,0.9400316,True,Correct Late Blight,115.75761413574219,47.129732771669104,63.22264099121094,9299.904930486344,0.95831298828125
40de149e-4734-4d63-a34a-7ab34ace1ae5___RS_Late.B 6126_final_masked.jpg,RS_Late.B 6126,tomato_Late blight,tomato_Late blight,0.9373889,True,Correct Late Blight,60.743316650390625,72.22628490776717,70.03712463378906,1409.4822484215256,0.46209716796875
50dd04a3-18a8-4a34-bbba-5e6f851742f5___RS_Late.B 6141.JPG,RS_Late.B 6141,tomato_Late blight,tomato_Late blight,0.37520963,True,Correct Late Blight,111.92887878417969,44.69067602077148,0.0,5793.767597696744,0.9768524169921875
50dd04a3-18a8-4a34-bbba-5e6f851742f5___RS_Late.B 6141_final_masked.jpg,RS_Late.B 6141,tomato_Late blight,tomato_Early blight,0.66716564,False,Late Blight -> Early Blight,52.09211730957031,58.84869521358742,95.04269409179688,1037.533796341857,0.4826812744140625
e615ae3b-8526-42f0-9c0f-2678e0a50ad4___RS_Late.B 6145_final_masked.jpg,RS_Late.B 6145,tomato_Late blight,tomato_Late blight,0.9939593,True,Correct Late Blight,41.41612243652344,63.512628086612885,58.85066223144531,1087.884063608013,0.3437347412109375
b0fbd7bd-f906-489b-96ff-a2683eb76dd3___RS_Late.B 6173_final_masked.jpg,RS_Late.B 6173,tomato_Late blight,tomato_Late blight,0.85427517,True,Correct Late Blight,67.54141235351562,72.18343041056784,85.72413635253906,2138.713363595074,0.526458740234375
5ba6fbc5-a1de-4600-b0aa-9d8b8c222183___RS_Late.B 6181_final_masked.jpg,RS_Late.B 6181,tomato_Late blight,tomato_Late blight,0.9597528,True,Correct Late Blight,40.603271484375,57.04182921176997,73.90898132324219,1075.7585754385218,0.3873443603515625
a86c0d90-358b-46b2-8652-c6f60d948e8a___RS_Late.B 6207_final_masked.jpg,RS_Late.B 6207,tomato_Late blight,tomato_Late blight,0.9835877,True,Correct Late Blight,46.721710205078125,57.081615248860544,108.91444396972656,1225.353339461377,0.4830322265625
5e046b07-5da5-4cfd-a6f1-bb942eeef5f9___RS_Late.B 6216_final_masked.jpg,RS_Late.B 6216,tomato_Late blight,tomato_Late blight,0.9421299,True,Correct Late Blight,44.63639831542969,61.156033521042644,84.06675720214844,795.2597808314022,0.4163970947265625
56276ee7-be4e-46a5-a58b-ac12858c136c___RS_Late.B 6227.JPG,RS_Late.B 6227,tomato_Late blight,tomato_Late blight,0.54934186,True,Correct Late Blight,119.94395446777344,58.005505418236595,0.0,6319.7352553149685,0.927001953125
56276ee7-be4e-46a5-a58b-ac12858c136c___RS_Late.B 6227_final_masked.jpg,RS_Late.B 6227,tomato_Late blight,tomato_Late blight,0.92829067,True,Correct Late Blight,51.88700866699219,67.26749941802343,92.80764770507812,878.3946685732808,0.4239654541015625
6f52294c-e947-4fdc-b818-60b1d47beb06___RS_Late.B 6231_final_masked.jpg,RS_Late.B 6231,tomato_Late blight,tomato_Late blight,0.9905963,True,Correct Late Blight,53.01568603515625,61.758458334250065,106.77995300292969,905.3130398830399,0.48638916015625
d3ee22da-7e5e-4c46-9d04-a710007aff19___RS_Late.B 6257_final_masked.jpg,RS_Late.B 6257,tomato_Late blight,tomato_Late blight,0.85652447,True,Correct Late Blight,35.910491943359375,61.76138521273375,64.65757751464844,950.7488134168088,0.29461669921875
81425428-d995-492c-80ba-c28564d8f317___RS_Late.B 6265_final_masked.jpg,RS_Late.B 6265,tomato_Late blight,tomato_Late blight,0.9994286,True,Correct Late Blight,51.14094543457031,59.147357749065996,97.24163818359375,860.7338871003594,0.47723388671875
b07f5c6e-2e85-4b45-a166-522cc484619c___RS_Late.B 6276_final_masked.jpg,RS_Late.B 6276,tomato_Late blight,tomato_Late blight,0.9970701,True,Correct Late Blight,39.627716064453125,55.365396258976794,91.05473327636719,1315.520064841723,0.402618408203125
fcaf83f1-ddaa-4faf-a4aa-f657f5342474___RS_Late.B 6278_final_masked.jpg,RS_Late.B 6278,tomato_Late blight,tomato_Late blight,0.98518026,True,Correct Late Blight,38.547515869140625,61.02980639498512,72.23330688476562,1381.6333539725747,0.3230438232421875
933211e0-2013-485a-8a05-25f4dc78c41c___RS_Late.B 6281_final_masked.jpg,RS_Late.B 6281,tomato_Late blight,tomato_Late blight,0.985069,True,Correct Late Blight,48.76043701171875,58.33553715130166,85.65670776367188,779.0355433409568,0.4456329345703125
483e8a16-c92f-4f69-a048-54c5f4c3676a___RS_Late.B 6296.JPG,RS_Late.B 6296,tomato_Late blight,tomato_Early blight,0.7356645,False,Late Blight -> Early Blight,129.79954528808594,54.78434472249458,0.0,7333.617236401653,0.9525604248046875
483e8a16-c92f-4f69-a048-54c5f4c3676a___RS_Late.B 6296_final_masked.jpg,RS_Late.B 6296,tomato_Late blight,tomato_Early blight,0.537269,False,Late Blight -> Early Blight,35.00135803222656,58.229235816687456,65.79022216796875,967.7013594896998,0.316986083984375
d70b86ba-e117-43d6-ad51-43c67d9a2483___RS_Late.B 6347_final_masked.jpg,RS_Late.B 6347,tomato_Late blight,tomato_Late blight,0.96891934,True,Correct Late Blight,51.18402099609375,66.14149782227031,82.8359375,1116.2836066016462,0.436248779296875
319d4c9a-92d4-41ff-b351-f3d439233c9e___RS_Late.B 6357.JPG,RS_Late.B 6357,tomato_Late blight,tomato_Late blight,0.937651,True,Correct Late Blight,107.79588317871094,53.02655638361143,81.61224365234375,6319.178818592569,0.957061767578125
319d4c9a-92d4-41ff-b351-f3d439233c9e___RS_Late.B 6357_final_masked.jpg,RS_Late.B 6357,tomato_Late blight,tomato_Late blight,0.9853998,True,Correct Late Blight,40.88409423828125,61.74588376798851,91.49668884277344,1316.313933596015,0.3643646240234375
ecacf5db-abcf-408c-b41a-93e339fbfc0c___RS_Late.B 6405_final_masked.jpg,RS_Late.B 6405,tomato_Late blight,tomato_Late blight,0.9982613,True,Correct Late Blight,52.757049560546875,50.74579828363472,103.22731018066406,623.6687761507928,0.5635528564453125
4f52cae6-d6f1-4557-987a-eb9318dc574f___RS_Late.B 6439.JPG,RS_Late.B 6439,tomato_Late blight,tomato_Late blight,0.76487195,True,Correct Late Blight,119.09518432617188,54.65999981555643,0.0,5328.053304765141,0.94281005859375
4f52cae6-d6f1-4557-987a-eb9318dc574f___RS_Late.B 6439_final_masked.jpg,RS_Late.B 6439,tomato_Late blight,tomato_Late blight,0.99958533,True,Correct Late Blight,40.97882080078125,61.416747348816166,79.17153930664062,991.3908077692613,0.36566162109375
ef80fa2f-c46a-429d-a78a-b873bf6b27f9___RS_Late.B 6458_final_masked.jpg,RS_Late.B 6458,tomato_Late blight,tomato_Late blight,0.997721,True,Correct Late Blight,27.262893676757812,48.701134802792424,50.63409423828125,552.1224364638329,0.2610321044921875
a4008f85-d333-4ca8-87c2-e8c9c68ed19a___RS_Late.B 6461_final_masked.jpg,RS_Late.B 6461,tomato_Late blight,tomato_Late blight,0.9828636,True,Correct Late Blight,31.906646728515625,51.57149082136173,53.274566650390625,676.2354486302938,0.2947235107421875
8daa8725-05a2-4802-a524-9eba96fa89bc___RS_Late.B 6488_final_masked.jpg,RS_Late.B 6488,tomato_Late blight,tomato_Late blight,0.95295215,True,Correct Late Blight,66.49842834472656,64.659225383679,84.61595153808594,829.4482162964996,0.539520263671875
b3094af3-490b-4cbe-806e-dc793a94a4fd___RS_Late.B 6490_final_masked.jpg,RS_Late.B 6490,tomato_Late blight,tomato_Late blight,0.95994985,True,Correct Late Blight,44.149932861328125,63.183822420338785,52.22715759277344,1387.4199829101562,0.353179931640625
5b71f955-289e-4279-896c-b79d69c8dd5e___RS_Late.B 6495_final_masked.jpg,RS_Late.B 6495,tomato_Late blight,tomato_Late blight,0.96948797,True,Correct Late Blight,49.223724365234375,63.522227775240175,60.18060302734375,1257.4113159142435,0.41412353515625
491a9294-8f46-4563-9787-6b8b68a9c050___RS_Late.B 6591.JPG,RS_Late.B 6591,tomato_Late blight,tomato_Late blight,0.73043275,True,Correct Late Blight,106.23300170898438,39.453635142104034,0.0,1183.0250834785402,0.984832763671875
491a9294-8f46-4563-9787-6b8b68a9c050___RS_Late.B 6591_final_masked.jpg,RS_Late.B 6591,tomato_Late blight,tomato_Late blight,0.9875102,True,Correct Late Blight,41.339996337890625,58.48457331276478,84.947998046875,575.0861968973186,0.3874664306640625
aff90d5c-a3f2-445a-b125-717a00b21fb8___RS_Late.B 6624_final_masked.jpg,RS_Late.B 6624,tomato_Late blight,tomato_Late blight,0.83040917,True,Correct Late Blight,55.80928039550781,65.36057371138273,95.32911682128906,1241.1997351327445,0.4897308349609375
7e4224e3-dd76-4041-8fe2-c9abf67d3a98___RS_Late.B 6630_final_masked.jpg,RS_Late.B 6630,tomato_Late blight,tomato_Late blight,0.86195505,True,Correct Late Blight,47.57908630371094,61.53588441746945,117.44215393066406,1429.1640462575015,0.450653076171875
031ab3ab-02f4-4397-9886-54345461580d___RS_Late.B 6654.JPG,RS_Late.B 6654,tomato_Late blight,tomato_Late blight,0.91989326,True,Correct Late Blight,123.90068054199219,53.95937154575685,78.63177490234375,5588.637519224547,0.94659423828125
031ab3ab-02f4-4397-9886-54345461580d___RS_Late.B 6654_final_masked.jpg,RS_Late.B 6654,tomato_Late blight,tomato_Late blight,0.98535883,True,Correct Late Blight,56.23393249511719,74.48610773614433,89.36164855957031,1625.8585661610123,0.4221038818359375
435f78a8-70a8-4df9-b227-c6230301a17e___RS_Late.B 6672.JPG,RS_Late.B 6672,tomato_Late blight,tomato_Late blight,0.83639646,True,Correct Late Blight,106.78193664550781,57.83748043716736,78.4580078125,6715.18635731563,0.908050537109375
435f78a8-70a8-4df9-b227-c6230301a17e___RS_Late.B 6672_final_masked.jpg,RS_Late.B 6672,tomato_Late blight,tomato_Late blight,0.9418787,True,Correct Late Blight,39.805328369140625,54.745725195442326,88.01509094238281,730.248407847248,0.3822784423828125
d7fdf98a-cca7-441b-8014-ddeab2111617___RS_Late.B 6714_final_masked.jpg,RS_Late.B 6714,tomato_Late blight,tomato_Late blight,0.73868275,True,Correct Late Blight,40.541717529296875,61.95231639903663,55.90769958496094,565.6577758779749,0.3302459716796875
e10eb7f2-7449-4061-bb0a-49fa55abd423___RS_Late.B 6718_final_masked.jpg,RS_Late.B 6718,tomato_Late blight,tomato_Late blight,0.7900749,True,Correct Late Blight,59.739288330078125,66.40033055882817,69.40771484375,898.0949554422405,0.5120391845703125
8d5ef81f-1b09-4221-abaa-990bfb2180b9___RS_Late.B 6745_final_masked.jpg,RS_Late.B 6745,tomato_Late blight,tomato_Late blight,0.91311437,True,Correct Late Blight,65.3951416015625,71.8772190355786,68.76313781738281,1048.71357101202,0.4987945556640625
f5cb0905-3729-492a-a45f-63c20ae7e6a1___RS_Late.B 6777_final_masked.jpg,RS_Late.B 6777,tomato_Late blight,tomato_Late blight,0.9144363,True,Correct Late Blight,89.57815551757812,69.77893119269426,75.39820861816406,957.8787537664175,0.6943359375
1847f41b-f412-46a2-90c1-21ba9aac6246___RS_Late.B 6816.JPG,RS_Late.B 6816,tomato_Late blight,tomato_Early blight,0.8340292,False,Late Blight -> Early Blight,150.15467834472656,56.128011307590654,78.22010803222656,4450.429028177401,0.99871826171875
1847f41b-f412-46a2-90c1-21ba9aac6246___RS_Late.B 6816_final_masked.jpg,RS_Late.B 6816,tomato_Late blight,tomato_Late blight,0.9180336,True,Correct Late Blight,77.9658203125,72.4681098452411,75.68052673339844,1310.3660595081747,0.593048095703125
c451aa60-ebde-4dfd-a008-ad6e4cfef3fe___RS_Late.B 6857_final_masked.jpg,RS_Late.B 6857,tomato_Late blight,tomato_Late blight,0.88634235,True,Correct Late Blight,37.659820556640625,56.879330251252796,54.00677490234375,770.6151438318193,0.329742431640625
577ab276-9a57-4b43-ae4f-85f723ed10bc___RS_Late.B 6870_final_masked.jpg,RS_Late.B 6870,tomato_Late blight,tomato_Late blight,0.6297134,True,Correct Late Blight,64.38729858398438,66.88058278246736,74.34561157226562,1163.07985320664,0.5474853515625
1c5deb80-6bde-4aa4-843e-c69f80b7713a___RS_Late.B 6874.JPG,RS_Late.B 6874,tomato_Late blight,tomato_Late blight,0.84012437,True,Correct Late Blight,135.26222229003906,63.05638514350561,55.5355224609375,2931.8155831804033,0.9790191650390625
1c5deb80-6bde-4aa4-843e-c69f80b7713a___RS_Late.B 6874_final_masked.jpg,RS_Late.B 6874,tomato_Late blight,tomato_Late blight,0.76492095,True,Correct Late Blight,38.616546630859375,56.63190690136771,55.65373229980469,695.1344295591116,0.366729736328125
039e5d57-64e2-41de-8ccf-e44598bcedb0___RS_Late.B 6883.JPG,RS_Late.B 6883,tomato_Late blight,tomato_Early blight,0.6248479,False,Late Blight -> Early Blight,152.57203674316406,60.06489053811779,75.83418273925781,3433.382829427719,0.9989166259765625
039e5d57-64e2-41de-8ccf-e44598bcedb0___RS_Late.B 6883_final_masked.jpg,RS_Late.B 6883,tomato_Late blight,tomato_Late blight,0.59421915,True,Correct Late Blight,52.137481689453125,63.39508295696917,74.88182067871094,925.6959043124225,0.467010498046875
7e92fb02-314e-4cad-a30d-e478b216bce4___RS_Late.B 6890_final_masked.jpg,RS_Late.B 6890,tomato_Late blight,tomato_healthy,0.9131805,False,Late Blight -> Healthy,40.76470947265625,58.827731497178014,52.219879150390625,748.0288696056232,0.3502960205078125
9bf7479a-5809-48ad-90f7-f4dd4cb9a82b___RS_Late.B 6902_final_masked.jpg,RS_Late.B 6902,tomato_Late blight,tomato_Late blight,0.8900494,True,Correct Late Blight,48.62608337402344,56.88624386800845,69.33476257324219,867.5924834923353,0.46337890625
07eb29e8-112d-4bcb-8b65-aba4b4307f2a___RS_Late.B 6907.JPG,RS_Late.B 6907,tomato_Late blight,tomato_Late blight,0.9924574,True,Correct Late Blight,132.2775115966797,59.01464608901718,55.39225769042969,4985.1644393408205,0.990234375
07eb29e8-112d-4bcb-8b65-aba4b4307f2a___RS_Late.B 6907_final_masked.jpg,RS_Late.B 6907,tomato_Late blight,tomato_Late blight,0.79925805,True,Correct Late Blight,28.127365112304688,52.09117143089802,72.48809814453125,759.032789533725,0.2564239501953125
c5150ba8-d8c4-47a3-9938-83715b767693___RS_Late.B 6912_final_masked.jpg,RS_Late.B 6912,tomato_Late blight,tomato_Late blight,0.9876889,True,Correct Late Blight,61.86529541015625,67.45508723862672,62.25184631347656,1534.1132373949513,0.5009613037109375
dfc45d56-7ecb-46a5-b9da-9297df393f7b___RS_Late.B 6928_final_masked.jpg,RS_Late.B 6928,tomato_Late blight,tomato_Late blight,0.89953613,True,Correct Late Blight,76.26087951660156,74.38953097354984,61.85337829589844,1589.9804641222581,0.565521240234375
6dbef77b-50b6-4d0f-970a-d86f9df2254e___RS_Late.B 6936_final_masked.jpg,RS_Late.B 6936,tomato_Late blight,tomato_Late blight,0.97987366,True,Correct Late Blight,58.35362243652344,65.66947639509085,62.110321044921875,1183.0791625743732,0.5042877197265625
910c7947-dc38-4cb3-8df5-69bee6796afa___RS_Late.B 6968_final_masked.jpg,RS_Late.B 6968,tomato_Late blight,tomato_Late blight,0.8356384,True,Correct Late Blight,100.79429626464844,73.8927265627581,80.40956115722656,1041.8455323344097,0.7064666748046875
eab0e4c2-79de-42ef-b9fd-19b4cb03d0e9___RS_Late.B 6979_final_masked.jpg,RS_Late.B 6979,tomato_Late blight,tomato_Late blight,0.99293435,True,Correct Late Blight,80.16905212402344,67.1551995931075,80.7099609375,1046.756288945675,0.6386871337890625
ee90e57e-7289-4dcd-af6f-a585d97628b7___RS_Late.B 7040_final_masked.jpg,RS_Late.B 7040,tomato_Late blight,tomato_Early blight,0.98491895,False,Late Blight -> Early Blight,57.77838134765625,68.32334488101101,60.177215576171875,1059.5482670736965,0.4423675537109375
3de17184-cbec-4397-813e-1bbc3bc5cb6a___RS_Late.B 7050.JPG,RS_Late.B 7050,tomato_Late blight,tomato_Late blight,0.8589633,True,Correct Late Blight,160.900634765625,45.61034635546448,45.60017395019531,3275.7473189195152,0.9993743896484375
3de17184-cbec-4397-813e-1bbc3bc5cb6a___RS_Late.B 7050_final_masked.jpg,RS_Late.B 7050,tomato_Late blight,tomato_Late blight,0.8402636,True,Correct Late Blight,63.43821716308594,74.65238103640432,59.13475036621094,797.6220854481217,0.447906494140625
812654c4-843c-42b1-a026-ab3ee7c9f837___RS_Late.B 7061_final_masked.jpg,RS_Late.B 7061,tomato_Late blight,tomato_Late blight,0.99135286,True,Correct Late Blight,65.81436157226562,73.32256209951368,59.27354431152344,1807.1562347298022,0.4803466796875
c7261dbf-10be-44a3-9ac5-77100d5bb9ad___RS_Late.B 7064_final_masked.jpg,RS_Late.B 7064,tomato_Late blight,tomato_Late blight,0.905966,True,Correct Late Blight,44.173126220703125,62.69748191703943,59.32148742675781,900.8726654050406,0.3603363037109375
998dafd6-dac5-41f7-84d9-f96c9593dda3___RS_Late.B 7075_final_masked.jpg,RS_Late.B 7075,tomato_Late blight,tomato_Late blight,0.9760489,True,Correct Late Blight,56.206268310546875,70.59471938671022,73.19650268554688,1232.3152838796377,0.4360198974609375
c6cfdcc7-c5e6-45bc-8b5a-709bf2753902___RS_Late.B 7081_final_masked.jpg,RS_Late.B 7081,tomato_Late blight,tomato_Late blight,0.8778338,True,Correct Late Blight,72.08430480957031,79.59373497158808,68.02481079101562,985.443379342556,0.4745635986328125
1c74783c-7863-4b1b-bf1a-6b3ef55b34b8___RS_Late.B 7094.JPG,RS_Late.B 7094,tomato_Late blight,tomato_Late blight,0.94980913,True,Correct Late Blight,155.59814453125,45.07610086957512,48.79676818847656,5078.745297686895,0.9990234375
1c74783c-7863-4b1b-bf1a-6b3ef55b34b8___RS_Late.B 7094_final_masked.jpg,RS_Late.B 7094,tomato_Late blight,tomato_Late blight,0.85650784,True,Correct Late Blight,57.0147705078125,65.74530450012777,60.844940185546875,868.0756681391504,0.455810546875
747a2385-2777-445a-b215-7a14a5c0135c___RS_Late.B 7111_final_masked.jpg,RS_Late.B 7111,tomato_Late blight,tomato_Late blight,0.9634818,True,Correct Late Blight,20.765274047851562,47.80998196792471,37.8489990234375,344.3147888183594,0.169769287109375
d86aad3d-070a-4247-a3cb-a66e6b774fd3___RS_Late.B 7114_final_masked.jpg,RS_Late.B 7114,tomato_Late blight,tomato_Late blight,0.7658282,True,Correct Late Blight,34.17247009277344,53.184069809792845,47.9888916015625,652.3158416745719,0.3174591064453125
64a054b2-4375-48ff-aca3-f823d64d831e___RS_Late.B 7123_final_masked.jpg,RS_Late.B 7123,tomato_Late blight,tomato_Late blight,0.9419013,True,Correct Late Blight,58.81092834472656,67.2194278486713,65.26820373535156,952.7276303460822,0.464141845703125
a5d9410b-4ca9-494f-ba13-c7a01c48fa49___RS_Late.B 7147_final_masked.jpg,RS_Late.B 7147,tomato_Late blight,tomato_Late blight,0.9945746,True,Correct Late Blight,37.0167236328125,52.770473997174896,52.41444396972656,966.0511779636145,0.360198974609375
1dffd343-4634-4b33-95f4-eecc755aec8f___GH_HL Leaf 168.JPG,GH_HL Leaf 168,tomato_healthy,tomato_healthy,0.99182034,True,Correct Healthy,115.16287231445312,25.01034987814352,0.0,3989.6159114593174,0.99993896484375
1dffd343-4634-4b33-95f4-eecc755aec8f___GH_HL Leaf 168_final_masked.jpg,GH_HL Leaf 168,tomato_healthy,tomato_healthy,0.99858534,True,Correct Healthy,49.75225830078125,66.66916515744518,42.49932861328125,427.4573669433594,0.366729736328125
2ea87b73-a52b-4a4c-938f-4ce06335d171___GH_HL Leaf 177.1.JPG,GH_HL Leaf 177.1,tomato_healthy,tomato_healthy,0.99410385,True,Correct Healthy,111.46527099609375,28.461823967113556,0.0,6130.743377639912,0.9998931884765625
2ea87b73-a52b-4a4c-938f-4ce06335d171___GH_HL Leaf 177.1_final_masked.jpg,GH_HL Leaf 177.1,tomato_healthy,tomato_healthy,0.999894,True,Correct Healthy,54.339935302734375,62.45170777371293,48.1810302734375,480.73899840726517,0.4415435791015625
0f809e80-ee2b-4ad4-9a80-50d789298d48___GH_HL Leaf 192.JPG,GH_HL Leaf 192,tomato_healthy,tomato_healthy,0.99604166,True,Correct Healthy,104.6845703125,19.475545343248573,0.0,1959.65518951579,1.0
0f809e80-ee2b-4ad4-9a80-50d789298d48___GH_HL Leaf 192_final_masked.jpg,GH_HL Leaf 192,tomato_healthy,tomato_healthy,0.99935097,True,Correct Healthy,44.968414306640625,58.32407585522002,51.3624267578125,386.4202880859375,0.3829193115234375
4a0a9092-e70e-4a73-bb51-4d83b3c90a38___GH_HL Leaf 195_final_masked.jpg,GH_HL Leaf 195,tomato_healthy,tomato_healthy,0.99538124,True,Correct Healthy,41.75166320800781,56.66467179722784,47.85569763183594,289.4402923581656,0.3608856201171875
45fc3f1c-6ccc-4ffd-a0a9-f53cbe4e71a1___GH_HL Leaf 206.1.JPG,GH_HL Leaf 206.1,tomato_healthy,tomato_healthy,0.9998406,True,Correct Healthy,123.46136474609375,24.747287848415063,0.0,5557.022728383541,0.99993896484375
45fc3f1c-6ccc-4ffd-a0a9-f53cbe4e71a1___GH_HL Leaf 206.1_final_masked.jpg,GH_HL Leaf 206.1,tomato_healthy,tomato_healthy,0.99933726,True,Correct Healthy,54.19841003417969,65.56357815178167,55.44317626953125,461.81561278924346,0.41473388671875
13053341-b112-411c-bc76-8cadbcb4eded___GH_HL Leaf 223.JPG,GH_HL Leaf 223,tomato_healthy,tomato_healthy,0.9724706,True,Correct Healthy,106.28958129882812,18.709317162238403,0.0,3244.3916889799293,1.0
13053341-b112-411c-bc76-8cadbcb4eded___GH_HL Leaf 223_final_masked.jpg,GH_HL Leaf 223,tomato_healthy,tomato_healthy,0.97108805,True,Correct Healthy,38.52235412597656,45.05751926466036,64.05294799804688,559.7063598623499,0.4408416748046875
1971e05b-fc5e-40c1-a4ff-c6a4c746693f___GH_HL Leaf 237.JPG,GH_HL Leaf 237,tomato_healthy,tomato_healthy,0.9876226,True,Correct Healthy,115.93669128417969,28.69705934037182,0.0,3804.2208833654877,0.9999847412109375
1971e05b-fc5e-40c1-a4ff-c6a4c746693f___GH_HL Leaf 237_final_masked.jpg,GH_HL Leaf 237,tomato_healthy,tomato_healthy,0.9968561,True,Correct Healthy,66.33992004394531,71.13291960551693,53.53594970703125,816.3719787560403,0.47918701171875
0d259481-e08d-459d-aa92-fe05e1524742___GH_HL Leaf 253.1.JPG,GH_HL Leaf 253.1,tomato_healthy,tomato_healthy,0.9980502,True,Correct Healthy,103.18965148925781,17.810029220445713,0.0,2047.1219631468412,1.0
0d259481-e08d-459d-aa92-fe05e1524742___GH_HL Leaf 253.1_final_masked.jpg,GH_HL Leaf 253.1,tomato_healthy,tomato_healthy,0.99060315,True,Correct Healthy,36.185546875,54.15133565451294,39.33294677734375,482.0307922363281,0.316192626953125
11fe6fbc-a1a9-4cc4-ba85-a6864a4e9bae___GH_HL Leaf 280.JPG,GH_HL Leaf 280,tomato_healthy,tomato_healthy,0.9999535,True,Correct Healthy,114.49473571777344,22.734503256129386,0.0,5099.156265470898,0.999969482421875
11fe6fbc-a1a9-4cc4-ba85-a6864a4e9bae___GH_HL Leaf 280_final_masked.jpg,GH_HL Leaf 280,tomato_healthy,tomato_healthy,0.99927825,True,Correct Healthy,50.042938232421875,57.48966783282801,48.46514892578125,375.8565216062125,0.43994140625
06ee1c8d-fbe4-48e9-a1b2-fed7ed5539f7___GH_HL Leaf 293.JPG,GH_HL Leaf 293,tomato_healthy,tomato_healthy,0.9996018,True,Correct Healthy,92.28849792480469,22.55224321114443,0.0,5224.840967144817,0.999755859375
06ee1c8d-fbe4-48e9-a1b2-fed7ed5539f7___GH_HL Leaf 293_final_masked.jpg,GH_HL Leaf 293,tomato_healthy,tomato_healthy,0.96062624,True,Correct Healthy,37.00312805175781,50.224473891628556,47.087310791015625,445.89138792455196,0.3620147705078125
3f1ce663-3715-4220-bbce-93bcc9f0c478___GH_HL Leaf 311.JPG,GH_HL Leaf 311,tomato_healthy,tomato_healthy,0.9999504,True,Correct Healthy,116.21356201171875,26.352215942231098,0.0,6064.2328316411,0.9999847412109375
3f1ce663-3715-4220-bbce-93bcc9f0c478___GH_HL Leaf 311_final_masked.jpg,GH_HL Leaf 311,tomato_healthy,tomato_healthy,0.9995882,True,Correct Healthy,50.84883117675781,66.89882882756301,46.91654968261719,637.4278259277344,0.3746490478515625
1b150c8d-ab5d-43b5-a61d-c3fb3a8ffd54___GH_HL Leaf 321.JPG,GH_HL Leaf 321,tomato_healthy,tomato_healthy,0.99900645,True,Correct Healthy,117.1669921875,25.821579617848254,0.0,4857.335700277006,0.9999847412109375
1b150c8d-ab5d-43b5-a61d-c3fb3a8ffd54___GH_HL Leaf 321_final_masked.jpg,GH_HL Leaf 321,tomato_healthy,tomato_healthy,0.99943787,True,Correct Healthy,60.8067626953125,72.84021158668139,48.11322021484375,694.3264312723186,0.418975830078125
058ade43-2361-4039-bbe5-0ac661828c01___GH_HL Leaf 325.1.JPG,GH_HL Leaf 325.1,tomato_healthy,tomato_healthy,0.99993575,True,Correct Healthy,119.22743225097656,23.779237478204564,0.0,5967.318055918207,0.9999847412109375
058ade43-2361-4039-bbe5-0ac661828c01___GH_HL Leaf 325.1_final_masked.jpg,GH_HL Leaf 325.1,tomato_healthy,tomato_healthy,0.995417,True,Correct Healthy,38.88714599609375,54.40879193838534,48.50444030761719,397.2903747558594,0.3462066650390625
3005a6ed-8ede-4bc5-ab3c-a54f87c45716___GH_HL Leaf 353.1.JPG,GH_HL Leaf 353.1,tomato_healthy,tomato_healthy,0.99956375,True,Correct Healthy,118.68128967285156,24.628910307232534,0.0,3797.3347015192267,0.999969482421875
3005a6ed-8ede-4bc5-ab3c-a54f87c45716___GH_HL Leaf 353.1_final_masked.jpg,GH_HL Leaf 353.1,tomato_healthy,tomato_healthy,0.9985838,True,Correct Healthy,43.14396667480469,56.42784313827835,46.5167236328125,262.5149993894156,0.3766937255859375
0864ab65-d40d-4902-8213-09df86cf049e___GH_HL Leaf 400.JPG,GH_HL Leaf 400,tomato_healthy,tomato_healthy,0.9541429,True,Correct Healthy,119.19073486328125,21.478827342769968,0.0,1556.8240914007183,1.0
0864ab65-d40d-4902-8213-09df86cf049e___GH_HL Leaf 400_final_masked.jpg,GH_HL Leaf 400,tomato_healthy,tomato_healthy,0.9955592,True,Correct Healthy,43.13836669921875,55.21055351914996,59.84681701660156,337.3411865197122,0.3906097412109375
190a6af7-d7b1-4265-b05b-c126a7962c93___GH_HL Leaf 408.JPG,GH_HL Leaf 408,tomato_healthy,tomato_healthy,0.99953115,True,Correct Healthy,126.18510437011719,22.835365353123652,0.0,4952.819883450866,0.99993896484375
190a6af7-d7b1-4265-b05b-c126a7962c93___GH_HL Leaf 408_final_masked.jpg,GH_HL Leaf 408,tomato_healthy,tomato_healthy,0.9552622,True,Correct Healthy,55.67564392089844,62.338827852719064,70.362060546875,741.467697132146,0.454193115234375
337e35e3-7b0d-4760-a1f6-c26c7db90a0b___GH_HL Leaf 425.JPG,GH_HL Leaf 425,tomato_healthy,tomato_healthy,0.9908138,True,Correct Healthy,127.17990112304688,21.66721733339667,0.0,3364.176966077648,0.9999542236328125
337e35e3-7b0d-4760-a1f6-c26c7db90a0b___GH_HL Leaf 425_final_masked.jpg,GH_HL Leaf 425,tomato_healthy,tomato_healthy,0.9979329,True,Correct Healthy,55.642425537109375,64.53383140739997,49.75682067871094,292.9153289773967,0.43511962890625
45167988-3f78-4309-8ce2-633d7521847f___GH_HL Leaf 432.1.JPG,GH_HL Leaf 432.1,tomato_healthy,tomato_healthy,0.9977859,True,Correct Healthy,131.0526123046875,18.506167891051938,0.0,1273.7791804687586,0.9999847412109375
45167988-3f78-4309-8ce2-633d7521847f___GH_HL Leaf 432.1_final_masked.jpg,GH_HL Leaf 432.1,tomato_healthy,tomato_healthy,0.9989517,True,Correct Healthy,37.11970520019531,48.79795191370908,49.61505126953125,320.1336669921875,0.374420166015625
04483b12-5e9c-4e74-a5b6-e8c87f60b43f___GH_HL Leaf 439.JPG,GH_HL Leaf 439,tomato_healthy,tomato_healthy,0.9860071,True,Correct Healthy,112.13076782226562,19.940061903664503,0.0,685.384720053291,1.0
04483b12-5e9c-4e74-a5b6-e8c87f60b43f___GH_HL Leaf 439_final_masked.jpg,GH_HL Leaf 439,tomato_healthy,tomato_healthy,0.9331434,True,Correct Healthy,42.96788024902344,50.79131441550805,57.50286865234375,237.27262878394686,0.4268035888671875
2d4db3f7-a768-4a27-832c-fc72496e79b4___GH_HL Leaf 446.JPG,GH_HL Leaf 446,tomato_healthy,tomato_healthy,0.98244596,True,Correct Healthy,114.52217102050781,19.85594243787588,0.0,1875.5138787692413,1.0
2d4db3f7-a768-4a27-832c-fc72496e79b4___GH_HL Leaf 446_final_masked.jpg,GH_HL Leaf 446,tomato_healthy,tomato_healthy,0.997908,True,Correct Healthy,43.88047790527344,54.65677998546937,54.68666076660156,453.5466613769531,0.4026641845703125
39976b35-40e7-4426-b21d-a8bfe1ce0a01___GH_HL Leaf 450.JPG,GH_HL Leaf 450,tomato_healthy,tomato_healthy,0.9746143,True,Correct Healthy,126.32133483886719,20.447475976964903,0.0,2112.531613525003,1.0
39976b35-40e7-4426-b21d-a8bfe1ce0a01___GH_HL Leaf 450_final_masked.jpg,GH_HL Leaf 450,tomato_healthy,tomato_healthy,0.9969599,True,Correct Healthy,44.38847351074219,56.62972131752369,55.934722900390625,327.51544184889644,0.394561767578125
0fd3432a-e22a-4a71-9a63-1c56ee4ce067___GH_HL Leaf 463.1.JPG,GH_HL Leaf 463.1,tomato_healthy,tomato_healthy,0.9736984,True,Correct Healthy,116.48521423339844,20.189681151138114,0.0,1490.0799885538872,1.0
0fd3432a-e22a-4a71-9a63-1c56ee4ce067___GH_HL Leaf 463.1_final_masked.jpg,GH_HL Leaf 463.1,tomato_healthy,tomato_healthy,0.99798346,True,Correct Healthy,53.948394775390625,68.51824613170747,48.402618408203125,405.4039001464844,0.3928375244140625
1af0bfe1-4bcf-4b8b-be66-5d0953eb647e___GH_HL Leaf 482.2.JPG,GH_HL Leaf 482.2,tomato_healthy,tomato_healthy,0.999739,True,Correct Healthy,102.53981018066406,24.878126439892558,0.0,4586.276137755951,0.999969482421875
1af0bfe1-4bcf-4b8b-be66-5d0953eb647e___GH_HL Leaf 482.2_final_masked.jpg,GH_HL Leaf 482.2,tomato_healthy,tomato_healthy,0.99349046,True,Correct Healthy,27.331375122070312,51.92594074489494,35.798248291015625,260.1288757324219,0.222412109375
3796ec31-0263-4e17-a312-7871e7b5c0c2___GH_HL Leaf 486.JPG,GH_HL Leaf 486,tomato_healthy,tomato_healthy,0.998931,True,Correct Healthy,114.64302062988281,24.85396417744668,0.0,2218.0758941394743,0.9999237060546875
3796ec31-0263-4e17-a312-7871e7b5c0c2___GH_HL Leaf 486_final_masked.jpg,GH_HL Leaf 486,tomato_healthy,tomato_healthy,0.9957054,True,Correct Healthy,46.705291748046875,68.71007319009651,42.86448669433594,491.6685485839844,0.32464599609375
249797c6-648f-4df5-ab87-a0b82eb08801___GH_HL Leaf 495.JPG,GH_HL Leaf 495,tomato_healthy,tomato_healthy,0.99339527,True,Correct Healthy,123.78598022460938,23.265419769674892,0.0,2144.237896807259,0.999786376953125
249797c6-648f-4df5-ab87-a0b82eb08801___GH_HL Leaf 495_final_masked.jpg,GH_HL Leaf 495,tomato_healthy,tomato_healthy,0.9700511,True,Correct Healthy,37.07098388671875,60.49582749573143,37.43354797363281,222.17689514136873,0.2801055908203125
05598cc1-60b9-4436-a233-973c42eff2d6___GH_HL Leaf 503.1.JPG,GH_HL Leaf 503.1,tomato_healthy,tomato_healthy,0.99626714,True,Correct Healthy,113.18557739257812,26.222027218008698,0.0,2649.8764089008328,0.9998321533203125
05598cc1-60b9-4436-a233-973c42eff2d6___GH_HL Leaf 503.1_final_masked.jpg,GH_HL Leaf 503.1,tomato_healthy,tomato_healthy,0.9951923,True,Correct Healthy,30.79296875,52.4297446880276,39.922149658203125,282.55389404296875,0.262359619140625
1bfeed83-f119-46cd-b806-0e17e1dae136___RS_HL 0017.JPG,RS_HL 0017,tomato_healthy,tomato_healthy,0.92398065,True,Correct Healthy,127.55430603027344,42.46132358179578,0.0,12931.834003174445,0.9931640625
1bfeed83-f119-46cd-b806-0e17e1dae136___RS_HL 0017_final_masked.jpg,RS_HL 0017,tomato_healthy,tomato_healthy,0.5322921,True,Correct Healthy,56.937469482421875,70.58586937837607,72.11534118652344,1548.0151062002406,0.4384613037109375
2b4ab56e-4afa-4b0f-910a-3270e90c707c___RS_HL 0035.JPG,RS_HL 0035,tomato_healthy,tomato_healthy,0.99776244,True,Correct Healthy,118.08106994628906,50.94433312395091,0.0,11422.814371380722,0.982208251953125
2b4ab56e-4afa-4b0f-910a-3270e90c707c___RS_HL 0035_final_masked.jpg,RS_HL 0035,tomato_healthy,tomato_healthy,0.9747581,True,Correct Healthy,54.8642578125,70.32837477450882,78.71998596191406,2898.4092446228024,0.4472808837890625
414359b9-153b-4985-bfe0-eaf22f7ff6ab___RS_HL 0062.JPG,RS_HL 0062,tomato_healthy,tomato_healthy,0.9841134,True,Correct Healthy,119.85951232910156,51.71006635140652,0.0,15661.61693930626,0.979400634765625
414359b9-153b-4985-bfe0-eaf22f7ff6ab___RS_HL 0062_final_masked.jpg,RS_HL 0062,tomato_healthy,tomato_healthy,0.7747486,True,Correct Healthy,42.69834899902344,56.99466019917575,66.33099365234375,1421.3245085997041,0.3982696533203125
1e1aa3d8-d12f-47e1-b316-b8656ab3f2b6___RS_HL 0075.JPG,RS_HL 0075,tomato_healthy,tomato_healthy,0.9994885,True,Correct Healthy,114.56494140625,52.00172445069659,0.0,17035.44235738716,0.9957733154296875
1e1aa3d8-d12f-47e1-b316-b8656ab3f2b6___RS_HL 0075_final_masked.jpg,RS_HL 0075,tomato_healthy,tomato_healthy,0.9729997,True,Correct Healthy,48.37629699707031,60.617697885455044,72.75132751464844,2056.419708237052,0.4527740478515625
164d5472-31c5-4145-b30a-93198436539d___RS_HL 0103.JPG,RS_HL 0103,tomato_healthy,tomato_healthy,0.99991834,True,Correct Healthy,113.92625427246094,49.15654405228616,0.0,16016.079285951098,0.993133544921875
164d5472-31c5-4145-b30a-93198436539d___RS_HL 0103_final_masked.jpg,RS_HL 0103,tomato_healthy,tomato_healthy,0.9988827,True,Correct Healthy,50.8455810546875,59.72942649693373,74.00270080566406,2219.9226378798485,0.487060546875
33936d1f-7074-49d2-9b3e-3964972fc636___RS_HL 0119.JPG,RS_HL 0119,tomato_healthy,tomato_healthy,0.97230905,True,Correct Healthy,112.49980163574219,48.284341084401184,0.0,13851.499387963675,0.9813385009765625
33936d1f-7074-49d2-9b3e-3964972fc636___RS_HL 0119_final_masked.jpg,RS_HL 0119,tomato_healthy,tomato_healthy,0.56791717,True,Correct Healthy,51.42645263671875,67.31297666210787,62.17881774902344,2267.306594764581,0.4282073974609375
20dd3c49-88a2-4317-a5ec-d2066d8d815e___RS_HL 0125.JPG,RS_HL 0125,tomato_healthy,tomato_healthy,0.99311525,True,Correct Healthy,116.49028015136719,47.68577783492483,0.0,15207.452828475973,0.993499755859375
20dd3c49-88a2-4317-a5ec-d2066d8d815e___RS_HL 0125_final_masked.jpg,RS_HL 0125,tomato_healthy,tomato_healthy,0.98467445,True,Correct Healthy,45.465484619140625,61.95277180185423,71.4893798828125,1675.9625700206961,0.422210693359375
2c741e7d-d03b-4903-8e42-1e43f5ad7286___RS_HL 0131.JPG,RS_HL 0131,tomato_healthy,tomato_healthy,0.99270564,True,Correct Healthy,122.66525268554688,47.759192146327614,0.0,15238.520215613535,0.99365234375
2c741e7d-d03b-4903-8e42-1e43f5ad7286___RS_HL 0131_final_masked.jpg,RS_HL 0131,tomato_healthy,tomato_healthy,0.998628,True,Correct Healthy,44.92051696777344,63.928396101243386,57.829986572265625,2015.1802062988281,0.3792724609375
45aa56d9-24bf-40e4-93ca-a34ce0fb905d___RS_HL 0144.JPG,RS_HL 0144,tomato_healthy,tomato_healthy,0.9996556,True,Correct Healthy,116.13836669921875,42.885729330322185,0.0,14860.77754289261,0.9888763427734375
45aa56d9-24bf-40e4-93ca-a34ce0fb905d___RS_HL 0144_final_masked.jpg,RS_HL 0144,tomato_healthy,tomato_healthy,0.99383104,True,Correct Healthy,57.114105224609375,65.96589018750629,72.74104309082031,1411.9788055138197,0.4680938720703125
2b50c7a7-e22e-4103-9e23-909377ab00e3___RS_HL 0193.JPG,RS_HL 0193,tomato_healthy,tomato_healthy,0.9997993,True,Correct Healthy,97.7576904296875,42.651363710382554,0.0,18864.460140809417,0.9791412353515625
2b50c7a7-e22e-4103-9e23-909377ab00e3___RS_HL 0193_final_masked.jpg,RS_HL 0193,tomato_healthy,tomato_healthy,0.9900079,True,Correct Healthy,33.231964111328125,47.516558791637074,61.09234619140625,2355.3497161807027,0.3815765380859375
43014e59-9f8f-4e30-9548-22afff8a0d65___RS_HL 0201.JPG,RS_HL 0201,tomato_healthy,tomato_healthy,0.9998677,True,Correct Healthy,125.13606262207031,43.77078533343946,0.0,15224.847695655888,0.99169921875
43014e59-9f8f-4e30-9548-22afff8a0d65___RS_HL 0201_final_masked.jpg,RS_HL 0201,tomato_healthy,tomato_healthy,0.97741836,True,Correct Healthy,49.31854248046875,66.2761114644949,50.136260986328125,1673.601716157049,0.386322021484375
10b36861-6a00-41d9-9858-e00adcfb17e7___RS_HL 0235.JPG,RS_HL 0235,tomato_healthy,tomato_healthy,0.6695718,True,Correct Healthy,119.22782897949219,47.16903956559922,0.0,18213.705854177475,0.9952392578125
10b36861-6a00-41d9-9858-e00adcfb17e7___RS_HL 0235_final_masked.jpg,RS_HL 0235,tomato_healthy,tomato_healthy,0.9907409,True,Correct Healthy,47.75489807128906,60.60952352690788,60.11738586425781,1839.3633727431297,0.4309539794921875
3b97d56b-a10d-4518-a332-a16f58238d6c___RS_HL 0240.JPG,RS_HL 0240,tomato_healthy,tomato_healthy,0.99929094,True,Correct Healthy,111.61026000976562,44.44168852453614,0.0,18771.728931318736,0.9879150390625
3b97d56b-a10d-4518-a332-a16f58238d6c___RS_HL 0240_final_masked.jpg,RS_HL 0240,tomato_healthy,tomato_healthy,0.9803335,True,Correct Healthy,38.85585021972656,51.05853998965332,69.78713989257812,1056.9900817787275,0.412078857421875
452703f7-9106-4ed2-8f38-8ece42a32613___RS_HL 0248.JPG,RS_HL 0248,tomato_healthy,tomato_healthy,0.99971956,True,Correct Healthy,111.63386535644531,52.57328427742346,0.0,17997.012943959795,0.9920806884765625
452703f7-9106-4ed2-8f38-8ece42a32613___RS_HL 0248_final_masked.jpg,RS_HL 0248,tomato_healthy,tomato_healthy,0.96274877,True,Correct Healthy,45.801513671875,60.06034665758032,82.70651245117188,1416.5262756263837,0.4461669921875
3e4cc1b0-e071-4b9e-a944-21de55b99fc3___RS_HL 0292.JPG,RS_HL 0292,tomato_healthy,tomato_healthy,0.9988263,True,Correct Healthy,116.68817138671875,48.89089145047561,0.0,22651.582528451225,0.9935455322265625
3e4cc1b0-e071-4b9e-a944-21de55b99fc3___RS_HL 0292_final_masked.jpg,RS_HL 0292,tomato_healthy,tomato_healthy,0.7006463,True,Correct Healthy,44.09532165527344,58.74036286556233,57.61524963378906,1512.7378234853968,0.3983306884765625
062c4b5a-59d7-4bc8-a1d0-abdeb6fc9c0e___RS_HL 0295.JPG,RS_HL 0295,tomato_healthy,tomato_healthy,0.9996742,True,Correct Healthy,117.50917053222656,50.778368681555065,0.0,21154.039171686163,0.988372802734375
062c4b5a-59d7-4bc8-a1d0-abdeb6fc9c0e___RS_HL 0295_final_masked.jpg,RS_HL 0295,tomato_healthy,tomato_healthy,0.9999132,True,Correct Healthy,55.813720703125,64.62232501130941,58.83526611328125,2345.492889395915,0.48504638671875
2b1cbc53-a62b-4daf-b233-8fc1d8d8c099___RS_HL 0296.JPG,RS_HL 0296,tomato_healthy,tomato_healthy,0.99981433,True,Correct Healthy,111.498291015625,48.45311741181492,0.0,21134.50018653809,0.988555908203125
2b1cbc53-a62b-4daf-b233-8fc1d8d8c099___RS_HL 0296_final_masked.jpg,RS_HL 0296,tomato_healthy,tomato_healthy,0.99325895,True,Correct Healthy,54.02452087402344,60.82957434835083,68.17587280273438,2294.996719358256,0.49578857421875
1f43d81a-6889-4613-a727-f92a75cf9861___RS_HL 0297.JPG,RS_HL 0297,tomato_healthy,tomato_healthy,0.99800915,True,Correct Healthy,122.53675842285156,48.7962223043123,0.0,19371.790149240755,0.99176025390625
1f43d81a-6889-4613-a727-f92a75cf9861___RS_HL 0297_final_masked.jpg,RS_HL 0297,tomato_healthy,tomato_healthy,0.999015,True,Correct Healthy,49.72100830078125,62.11554692650966,54.58158874511719,2070.746429428458,0.44146728515625
07776423-f0af-455c-a7c1-36215c7e7097___RS_HL 0321.JPG,RS_HL 0321,tomato_healthy,tomato_healthy,0.72879255,True,Correct Healthy,116.41151428222656,47.88027500684259,0.0,8336.62874341174,0.994110107421875
07776423-f0af-455c-a7c1-36215c7e7097___RS_HL 0321_final_masked.jpg,RS_HL 0321,tomato_healthy,tomato_healthy,0.78259516,True,Correct Healthy,46.72785949707031,60.142267979155456,71.72795104980469,1449.8079628401902,0.460357666015625
27c1515c-743f-4f4d-8342-fbe3cee29e7e___RS_HL 0344.JPG,RS_HL 0344,tomato_healthy,tomato_healthy,0.9961541,True,Correct Healthy,112.2374267578125,46.33757966993407,0.0,17998.35241740942,0.9925994873046875
27c1515c-743f-4f4d-8342-fbe3cee29e7e___RS_HL 0344_final_masked.jpg,RS_HL 0344,tomato_healthy,tomato_healthy,0.8555588,True,Correct Healthy,43.08769226074219,56.349155097127934,71.68978881835938,1311.3809356631245,0.4253692626953125
0caff918-5807-40f2-b9e4-7dd34a7bab5d___RS_HL 0345.JPG,RS_HL 0345,tomato_healthy,tomato_healthy,0.9997756,True,Correct Healthy,121.36747741699219,45.21184453493709,0.0,16444.81259214296,0.9950714111328125
0caff918-5807-40f2-b9e4-7dd34a7bab5d___RS_HL 0345_final_masked.jpg,RS_HL 0345,tomato_healthy,tomato_healthy,0.99367976,True,Correct Healthy,49.41166687011719,61.49764397793049,60.03358459472656,1670.620681743836,0.431488037109375
377ffc94-d068-4ba0-80cc-dea49edf094d___RS_HL 0367.JPG,RS_HL 0367,tomato_healthy,tomato_healthy,0.99979144,True,Correct Healthy,137.92449951171875,44.695132656390705,0.0,17714.120025611483,0.9961395263671875
377ffc94-d068-4ba0-80cc-dea49edf094d___RS_HL 0367_final_masked.jpg,RS_HL 0367,tomato_healthy,tomato_healthy,0.9968413,True,Correct Healthy,39.32586669921875,61.43267347446725,46.84654235839844,1333.223693843931,0.3255462646484375
2d02a0d6-0734-4ac7-957f-44f2a011fdc3___RS_HL 0375.JPG,RS_HL 0375,tomato_healthy,tomato_healthy,0.9997961,True,Correct Healthy,123.27217102050781,42.35831850641003,0.0,16450.416967763565,0.9955291748046875
2d02a0d6-0734-4ac7-957f-44f2a011fdc3___RS_HL 0375_final_masked.jpg,RS_HL 0375,tomato_healthy,tomato_healthy,0.7287389,True,Correct Healthy,38.056304931640625,56.13790456130305,50.969329833984375,1318.3399175666273,0.352813720703125
22356f83-9bb2-4b42-9283-bbf8e0dffba0___RS_HL 0430.JPG,RS_HL 0430,tomato_healthy,tomato_healthy,0.77069825,True,Correct Healthy,108.01567077636719,56.851428959734,0.0,15932.481326069683,0.9861907958984375
22356f83-9bb2-4b42-9283-bbf8e0dffba0___RS_HL 0430_final_masked.jpg,RS_HL 0430,tomato_healthy,tomato_Late blight,0.7382311,False,Healthy -> Late Blight,46.40617370605469,61.243576156644295,83.22114562988281,1707.598251340678,0.4567108154296875
1dae303e-6545-4c87-8c95-8805108f5282___RS_HL 0437.JPG,RS_HL 0437,tomato_healthy,tomato_healthy,0.9945161,True,Correct Healthy,123.03581237792969,44.029327146711445,0.0,13582.837812176906,0.99188232421875
1dae303e-6545-4c87-8c95-8805108f5282___RS_HL 0437_final_masked.jpg,RS_HL 0437,tomato_healthy,tomato_healthy,0.9535218,True,Correct Healthy,42.98191833496094,61.34940086429436,60.65693664550781,1698.1952666209545,0.3803863525390625
1457ca6a-4907-4c97-83f8-a0fa22135a27___RS_HL 0441.JPG,RS_HL 0441,tomato_healthy,tomato_healthy,0.9251107,True,Correct Healthy,120.05812072753906,42.641664462453754,0.0,19446.495735216653,0.9957427978515625
1457ca6a-4907-4c97-83f8-a0fa22135a27___RS_HL 0441_final_masked.jpg,RS_HL 0441,tomato_healthy,tomato_healthy,0.9967332,True,Correct Healthy,40.409942626953125,55.80138522946345,57.62361145019531,1442.94430541154,0.3923492431640625
4b8bc1e8-30e5-41ef-871e-0661d521418d___RS_HL 0445_final_masked.jpg,RS_HL 0445,tomato_healthy,tomato_healthy,0.9938299,True,Correct Healthy,43.745635986328125,60.02579856025412,51.04620361328125,1889.3087768517435,0.3885345458984375
13688c77-f2ad-4f7c-972c-99d70652fac6___RS_HL 0458.JPG,RS_HL 0458,tomato_healthy,tomato_healthy,0.98547757,True,Correct Healthy,108.97662353515625,50.93690030730071,0.0,19514.692928299308,0.9941253662109375
13688c77-f2ad-4f7c-972c-99d70652fac6___RS_HL 0458_final_masked.jpg,RS_HL 0458,tomato_healthy,tomato_healthy,0.99093795,True,Correct Healthy,47.886627197265625,59.34089193540683,72.83935546875,1273.1567073911428,0.456390380859375
0bfe260c-a71e-474e-bfb1-78f1e5ca5698___RS_HL 0497.JPG,RS_HL 0497,tomato_healthy,tomato_healthy,0.99922884,True,Correct Healthy,115.86137390136719,50.078099646221084,0.0,23226.688287405064,0.99334716796875
0bfe260c-a71e-474e-bfb1-78f1e5ca5698___RS_HL 0497_final_masked.jpg,RS_HL 0497,tomato_healthy,tomato_healthy,0.9994747,True,Correct Healthy,45.106597900390625,58.80884728688236,58.20860290527344,2212.327712910017,0.4312744140625
14f9c049-aeb8-4cfb-84a7-cd39526b8b20___RS_HL 0534.JPG,RS_HL 0534,tomato_healthy,tomato_healthy,0.658204,True,Correct Healthy,118.99734497070312,43.127214464561746,0.0,12353.620478657773,0.996246337890625
14f9c049-aeb8-4cfb-84a7-cd39526b8b20___RS_HL 0534_final_masked.jpg,RS_HL 0534,tomato_healthy,tomato_healthy,0.98665315,True,Correct Healthy,55.2613525390625,62.0457205691422,76.71543884277344,1779.6519621962216,0.489349365234375
416458ca-7db6-4383-ae0b-21ae2860af1b___RS_HL 0535.JPG,RS_HL 0535,tomato_healthy,tomato_healthy,0.9999237,True,Correct Healthy,117.47467041015625,44.88520037451014,0.0,19461.328412707895,0.995147705078125
416458ca-7db6-4383-ae0b-21ae2860af1b___RS_HL 0535_final_masked.jpg,RS_HL 0535,tomato_healthy,tomato_healthy,0.9997993,True,Correct Healthy,41.063720703125,53.42246908921385,60.13035583496094,2053.2203978151083,0.4157562255859375
275d05cf-89de-45bc-9928-ac6f242c9dd7___RS_HL 0572.JPG,RS_HL 0572,tomato_healthy,tomato_healthy,0.9985532,True,Correct Healthy,108.88166809082031,47.4381274494869,0.0,20154.345174341463,0.98675537109375
275d05cf-89de-45bc-9928-ac6f242c9dd7___RS_HL 0572_final_masked.jpg,RS_HL 0572,tomato_healthy,tomato_healthy,0.9879077,True,Correct Healthy,42.24778747558594,57.77507672560175,63.74385070800781,1519.2772369382437,0.39849853515625
0172e56c-8bb8-4e75-8ac7-509df81393e8___RS_HL 0580.JPG,RS_HL 0580,tomato_healthy,tomato_healthy,0.96638304,True,Correct Healthy,104.68505859375,51.009063455295966,57.95367431640625,17393.053875386482,0.988677978515625
0172e56c-8bb8-4e75-8ac7-509df81393e8___RS_HL 0580_final_masked.jpg,RS_HL 0580,tomato_healthy,tomato_healthy,0.99722123,True,Correct Healthy,52.15266418457031,57.00339452371105,66.44268798828125,1693.0740050813183,0.5273284912109375
4af1cf6d-1bae-4e58-9168-2f6105a6fe9a___RS_HL 0608_final_masked.jpg,RS_HL 0608,tomato_healthy,tomato_healthy,0.9903715,True,Correct Healthy,52.51856994628906,66.24686403162252,73.75457763671875,1985.6128539955243,0.433441162109375
29289230-4809-46cd-ba98-77af06af3f32___RS_HL 9651.JPG,RS_HL 9651,tomato_healthy,tomato_healthy,0.9992841,True,Correct Healthy,117.60728454589844,45.50685347741462,0.0,17376.240322444355,0.96099853515625
29289230-4809-46cd-ba98-77af06af3f32___RS_HL 9651_final_masked.jpg,RS_HL 9651,tomato_healthy,tomato_healthy,0.99341077,True,Correct Healthy,52.82218933105469,66.17480150658062,61.10548400878906,1363.7224273660686,0.419769287109375
14768e0c-387d-40d2-96f9-031e0a45bed5___RS_HL 9667.JPG,RS_HL 9667,tomato_healthy,tomato_healthy,0.9832677,True,Correct Healthy,114.82585144042969,44.800476835044556,0.0,16674.331201448105,0.964019775390625
14768e0c-387d-40d2-96f9-031e0a45bed5___RS_HL 9667_final_masked.jpg,RS_HL 9667,tomato_healthy,tomato_healthy,0.8881358,True,Correct Healthy,46.51911926269531,61.69571861159143,63.182281494140625,1475.429092405131,0.396942138671875
1a308834-fdd7-4121-ae03-5736d8d52e26___RS_HL 9689.JPG,RS_HL 9689,tomato_healthy,tomato_healthy,0.99991703,True,Correct Healthy,112.26052856445312,45.75529036409507,0.0,16952.055014953017,0.953765869140625
1a308834-fdd7-4121-ae03-5736d8d52e26___RS_HL 9689_final_masked.jpg,RS_HL 9689,tomato_healthy,tomato_healthy,0.83764887,True,Correct Healthy,56.28111267089844,62.20913397413412,82.29743957519531,1285.7960205078125,0.4899444580078125
2aeb668a-251a-4f68-b52f-aadeb3376d55___RS_HL 9744.JPG,RS_HL 9744,tomato_healthy,tomato_healthy,0.9999534,True,Correct Healthy,122.65643310546875,44.93253919747182,0.0,13461.124486266635,0.987579345703125
2aeb668a-251a-4f68-b52f-aadeb3376d55___RS_HL 9744_final_masked.jpg,RS_HL 9744,tomato_healthy,tomato_healthy,0.9976814,True,Correct Healthy,43.663909912109375,65.70403621355122,57.25337219238281,1895.298767030239,0.3570556640625
1e5e6f9d-6d14-4ea7-9c36-c6a559e567d7___RS_HL 9780.JPG,RS_HL 9780,tomato_healthy,tomato_healthy,0.9997681,True,Correct Healthy,127.25163269042969,42.41455992073218,0.0,14633.175371654099,0.9877471923828125
1e5e6f9d-6d14-4ea7-9c36-c6a559e567d7___RS_HL 9780_final_masked.jpg,RS_HL 9780,tomato_healthy,tomato_healthy,0.99704164,True,Correct Healthy,65.05702209472656,74.39500308621868,66.46359252929688,1982.6628052254673,0.4680938720703125
2605218e-e8bf-43d8-8b00-52058e9f0f25___RS_HL 9893.JPG,RS_HL 9893,tomato_healthy,tomato_healthy,0.99303585,True,Correct Healthy,115.90142822265625,46.45229940257373,0.0,15760.799129938474,0.98504638671875
2605218e-e8bf-43d8-8b00-52058e9f0f25___RS_HL 9893_final_masked.jpg,RS_HL 9893,tomato_healthy,tomato_healthy,0.9977951,True,Correct Healthy,50.25677490234375,61.49652350199292,63.96623229980469,1553.14205931779,0.4361114501953125
3e03aa27-3c0c-447c-87da-c3375ef47ead___RS_HL 9899.JPG,RS_HL 9899,tomato_healthy,tomato_healthy,0.99988246,True,Correct Healthy,117.10765075683594,53.12206901437729,0.0,16197.738985772943,0.9734954833984375
3e03aa27-3c0c-447c-87da-c3375ef47ead___RS_HL 9899_final_masked.jpg,RS_HL 9899,tomato_healthy,tomato_healthy,0.9730575,True,Correct Healthy,57.06187438964844,70.13873233796643,82.80870056152344,1107.782141128322,0.4518280029296875
45b3e6ad-f79c-4132-9bb5-9e9d26cbdfce___RS_HL 9908.JPG,RS_HL 9908,tomato_healthy,tomato_healthy,0.99990284,True,Correct Healthy,117.24879455566406,41.61783653314689,0.0,17638.60242127534,0.992523193359375
45b3e6ad-f79c-4132-9bb5-9e9d26cbdfce___RS_HL 9908_final_masked.jpg,RS_HL 9908,tomato_healthy,tomato_healthy,0.9971438,True,Correct Healthy,56.62828063964844,60.28803057004758,68.66018676757812,1744.088561952114,0.511077880859375
3ad1409d-5f43-469d-ab2a-fdffbd064f69___RS_HL 9931.JPG,RS_HL 9931,tomato_healthy,tomato_healthy,0.9967721,True,Correct Healthy,113.42274475097656,46.44973283354963,0.0,16055.029600015841,0.9740142822265625
3ad1409d-5f43-469d-ab2a-fdffbd064f69___RS_HL 9931_final_masked.jpg,RS_HL 9931,tomato_healthy,tomato_healthy,0.8805633,True,Correct Healthy,43.91624450683594,60.38386388642481,63.7156982421875,1269.6186523102224,0.3869171142578125
303db099-b4e0-4c12-801d-cf501857075a___RS_HL 9942.JPG,RS_HL 9942,tomato_healthy,tomato_healthy,0.9984127,True,Correct Healthy,122.43785095214844,46.49538125788586,0.0,16641.944441220723,0.987060546875
303db099-b4e0-4c12-801d-cf501857075a___RS_HL 9942_final_masked.jpg,RS_HL 9942,tomato_healthy,tomato_healthy,0.9983382,True,Correct Healthy,49.11372375488281,62.07644633898207,57.49928283691406,1669.432812511688,0.4295806884765625
2d66100e-9a61-412b-95da-2b852de7a447___RS_HL 9950.JPG,RS_HL 9950,tomato_healthy,tomato_healthy,0.99980277,True,Correct Healthy,119.75399780273438,46.985504179865174,0.0,17389.223825201392,0.9856719970703125
2d66100e-9a61-412b-95da-2b852de7a447___RS_HL 9950_final_masked.jpg,RS_HL 9950,tomato_healthy,tomato_healthy,0.983276,True,Correct Healthy,49.669921875,61.28139065148117,69.83767700195312,1821.172210692428,0.449462890625
0f9a114d-1df8-442c-90e7-d14d2f6efb23___RS_HL 9964.JPG,RS_HL 9964,tomato_healthy,tomato_healthy,0.99894994,True,Correct Healthy,121.02793884277344,45.83453660892038,0.0,12236.443084715866,0.9853668212890625
0f9a114d-1df8-442c-90e7-d14d2f6efb23___RS_HL 9964_final_masked.jpg,RS_HL 9964,tomato_healthy,tomato_healthy,0.9877939,True,Correct Healthy,52.913787841796875,62.325044051711366,74.56260681152344,1456.3985290443525,0.4766693115234375
12a3a4c8-0f82-419c-9a7f-0fc6d261299a___RS_HL 9988.JPG,RS_HL 9988,tomato_healthy,tomato_healthy,0.9808307,True,Correct Healthy,120.77070617675781,47.98877861491186,0.0,12838.643602608703,0.98956298828125
12a3a4c8-0f82-419c-9a7f-0fc6d261299a___RS_HL 9988_final_masked.jpg,RS_HL 9988,tomato_healthy,tomato_healthy,0.995024,True,Correct Healthy,57.40901184082031,64.09485194889058,72.5997314453125,1316.3228759011254,0.494476318359375
21f1c16d-2d7f-44e6-a2e4-7d830dfbfda3___RS_HL 9996.JPG,RS_HL 9996,tomato_healthy,tomato_healthy,0.9979061,True,Correct Healthy,114.16757202148438,53.84350227732878,0.0,21355.099499404198,0.9860687255859375
21f1c16d-2d7f-44e6-a2e4-7d830dfbfda3___RS_HL 9996_final_masked.jpg,RS_HL 9996,tomato_healthy,tomato_healthy,0.9948695,True,Correct Healthy,59.271087646484375,63.91844248005277,88.73379516601562,3010.8914336634334,0.56072998046875
